DATAFLOW,LAST UPDATE,freq,indic_is,unit,hhtyp,geo,TIME_PERIOD,OBS_VALUE,OBS_FLAG
ESTAT:ISOC_CI_IT_H(1.0),10/07/23 11:00:00,A,H_BROAD,PC_HH_IACC,TOTAL,AT,2011,95.42,
ESTAT:ISOC_CI_IT_H(1.0),10/07/23 11:00:00,A,H_BROAD,PC_HH_IACC,TOTAL,AT,2012,97.63,
ESTAT:ISOC_CI_IT_H(1.0),10/07/23 11:00:00,A,H_BROAD,PC_HH_IACC,TOTAL,AT,2013,98.67,
ESTAT:ISOC_CI_IT_H(1.0),10/07/23 11:00:00,A,H_BROAD,PC_HH_IACC,TOTAL,AT,2014,98.00,
ESTAT:ISOC_CI_IT_H(1.0),10/07/23 11:00:00,A,H_BROAD,PC_HH_IACC,TOTAL,AT,2015,98.17,
ESTAT:ISOC_CI_IT_H(1.0),10/07/23 11:00:00,A,H_BROAD,PC_HH_IACC,TOTAL,AT,2016,100.00,
ESTAT:ISOC_CI_IT_H(1.0),10/07/23 11:00:00,A,H_BROAD,PC_HH_IACC,TOTAL,AT,2017,99.54,
ESTAT:ISOC_CI_IT_H(1.0),10/07/23 11:00:00,A,H_BROAD,PC_HH_IACC,TOTAL,AT,2018,98.77,
ESTAT:ISOC_CI_IT_H(1.0),10/07/23 11:00:00,A,H_BROAD,PC_HH_IACC,TOTAL,AT,2019,99.36,
ESTAT:ISOC_CI_IT_H(1.0),10/07/23 11:00:00,A,H_BROAD,PC_HH_IACC,TOTAL,AT,2020,98.77,
ESTAT:ISOC_CI_IT_H(1.0),10/07/23 11:00:00,A,H_BROAD,PC_HH_IACC,TOTAL,AT,2021,95.80,
ESTAT:ISOC_CI_IT_H(1.0),10/07/23 11:00:00,A,H_BROAD,PC_HH_IACC,TOTAL,BE,2011,96.73,
ESTAT:ISOC_CI_IT_H(1.0),10/07/23 11:00:00,A,H_BROAD,PC_HH_IACC,TOTAL,BE,2012,96.12,
ESTAT:ISOC_CI_IT_H(1.0),10/07/23 11:00:00,A,H_BROAD,PC_HH_IACC,TOTAL,BE,2013,98.25,
ESTAT:ISOC_CI_IT_H(1.0),10/07/23 11:00:00,A,H_BROAD,PC_HH_IACC,TOTAL,BE,2014,98.40,
ESTAT:ISOC_CI_IT_H(1.0),10/07/23 11:00:00,A,H_BROAD,PC_HH_IACC,TOTAL,BE,2015,96.82,
ESTAT:ISOC_CI_IT_H(1.0),10/07/23 11:00:00,A,H_BROAD,PC_HH_IACC,TOTAL,BE,2016,97.20,
ESTAT:ISOC_CI_IT_H(1.0),10/07/23 11:00:00,A,H_BROAD,PC_HH_IACC,TOTAL,BE,2017,98.00,
ESTAT:ISOC_CI_IT_H(1.0),10/07/23 11:00:00,A,H_BROAD,PC_HH_IACC,TOTAL,BE,2018,95.94,
ESTAT:ISOC_CI_IT_H(1.0),10/07/23 11:00:00,A,H_BROAD,PC_HH_IACC,TOTAL,BE,2019,97.60,
ESTAT:ISOC_CI_IT_H(1.0),10/07/23 11:00:00,A,H_BROAD,PC_HH_IACC,TOTAL,BE,2020,100.00,
ESTAT:ISOC_CI_IT_H(1.0),10/07/23 11:00:00,A,H_BROAD,PC_HH_IACC,TOTAL,BE,2021,100.00,
ESTAT:ISOC_CI_IT_H(1.0),10/07/23 11:00:00,A,H_BROAD,PC_HH_IACC,TOTAL,BG,2011,88.45,
ESTAT:ISOC_CI_IT_H(1.0),10/07/23 11:00:00,A,H_BROAD,PC_HH_IACC,TOTAL,BG,2012,99.74,
ESTAT:ISOC_CI_IT_H(1.0),10/07/23 11:00:00,A,H_BROAD,PC_HH_IACC,TOTAL,BG,2013,99.83,
ESTAT:ISOC_CI_IT_H(1.0),10/07/23 11:00:00,A,H_BROAD,PC_HH_IACC,TOTAL,BG,2014,99.67,
ESTAT:ISOC_CI_IT_H(1.0),10/07/23 11:00:00,A,H_BROAD,PC_HH_IACC,TOTAL,BG,2015,99.49,
ESTAT:ISOC_CI_IT_H(1.0),10/07/23 11:00:00,A,H_BROAD,PC_HH_IACC,TOTAL,BG,2016,98.85,
ESTAT:ISOC_CI_IT_H(1.0),10/07/23 11:00:00,A,H_BROAD,PC_HH_IACC,TOTAL,BG,2017,99.36,
ESTAT:ISOC_CI_IT_H(1.0),10/07/23 11:00:00,A,H_BROAD,PC_HH_IACC,TOTAL,BG,2018,99.11,
ESTAT:ISOC_CI_IT_H(1.0),10/07/23 11:00:00,A,H_BROAD,PC_HH_IACC,TOTAL,BG,2019,99.83,
ESTAT:ISOC_CI_IT_H(1.0),10/07/23 11:00:00,A,H_BROAD,PC_HH_IACC,TOTAL,BG,2020,99.70,
ESTAT:ISOC_CI_IT_H(1.0),10/07/23 11:00:00,A,H_BROAD,PC_HH_IACC,TOTAL,BG,2021,100.00,
ESTAT:ISOC_CI_IT_H(1.0),10/07/23 11:00:00,A,H_BROAD,PC_HH_IACC,TOTAL,CH,2011,,
ESTAT:ISOC_CI_IT_H(1.0),10/07/23 11:00:00,A,H_BROAD,PC_HH_IACC,TOTAL,CH,2012,,
ESTAT:ISOC_CI_IT_H(1.0),10/07/23 11:00:00,A,H_BROAD,PC_HH_IACC,TOTAL,CH,2013,,
ESTAT:ISOC_CI_IT_H(1.0),10/07/23 11:00:00,A,H_BROAD,PC_HH_IACC,TOTAL,CH,2014,94.80,
ESTAT:ISOC_CI_IT_H(1.0),10/07/23 11:00:00,A,H_BROAD,PC_HH_IACC,TOTAL,CH,2015,,
ESTAT:ISOC_CI_IT_H(1.0),10/07/23 11:00:00,A,H_BROAD,PC_HH_IACC,TOTAL,CH,2016,,
ESTAT:ISOC_CI_IT_H(1.0),10/07/23 11:00:00,A,H_BROAD,PC_HH_IACC,TOTAL,CH,2017,96.32,b
ESTAT:ISOC_CI_IT_H(1.0),10/07/23 11:00:00,A,H_BROAD,PC_HH_IACC,TOTAL,CH,2018,,
ESTAT:ISOC_CI_IT_H(1.0),10/07/23 11:00:00,A,H_BROAD,PC_HH_IACC,TOTAL,CH,2019,99.78,
ESTAT:ISOC_CI_IT_H(1.0),10/07/23 11:00:00,A,H_BROAD,PC_HH_IACC,TOTAL,CH,2020,,
ESTAT:ISOC_CI_IT_H(1.0),10/07/23 11:00:00,A,H_BROAD,PC_HH_IACC,TOTAL,CH,2021,99.39,
ESTAT:ISOC_CI_IT_H(1.0),10/07/23 11:00:00,A,H_BROAD,PC_HH_IACC,TOTAL,CY,2011,96.78,
ESTAT:ISOC_CI_IT_H(1.0),10/07/23 11:00:00,A,H_BROAD,PC_HH_IACC,TOTAL,CY,2012,99.74,
ESTAT:ISOC_CI_IT_H(1.0),10/07/23 11:00:00,A,H_BROAD,PC_HH_IACC,TOTAL,CY,2013,99.45,
ESTAT:ISOC_CI_IT_H(1.0),10/07/23 11:00:00,A,H_BROAD,PC_HH_IACC,TOTAL,CY,2014,99.85,
ESTAT:ISOC_CI_IT_H(1.0),10/07/23 11:00:00,A,H_BROAD,PC_HH_IACC,TOTAL,CY,2015,99.93,
ESTAT:ISOC_CI_IT_H(1.0),10/07/23 11:00:00,A,H_BROAD,PC_HH_IACC,TOTAL,CY,2016,99.80,
ESTAT:ISOC_CI_IT_H(1.0),10/07/23 11:00:00,A,H_BROAD,PC_HH_IACC,TOTAL,CY,2017,99.51,
ESTAT:ISOC_CI_IT_H(1.0),10/07/23 11:00:00,A,H_BROAD,PC_HH_IACC,TOTAL,CY,2018,99.39,
ESTAT:ISOC_CI_IT_H(1.0),10/07/23 11:00:00,A,H_BROAD,PC_HH_IACC,TOTAL,CY,2019,99.81,
ESTAT:ISOC_CI_IT_H(1.0),10/07/23 11:00:00,A,H_BROAD,PC_HH_IACC,TOTAL,CY,2020,99.69,
ESTAT:ISOC_CI_IT_H(1.0),10/07/23 11:00:00,A,H_BROAD,PC_HH_IACC,TOTAL,CY,2021,100.00,
ESTAT:ISOC_CI_IT_H(1.0),10/07/23 11:00:00,A,H_BROAD,PC_HH_IACC,TOTAL,CZ,2011,95.21,
ESTAT:ISOC_CI_IT_H(1.0),10/07/23 11:00:00,A,H_BROAD,PC_HH_IACC,TOTAL,CZ,2012,95.50,
ESTAT:ISOC_CI_IT_H(1.0),10/07/23 11:00:00,A,H_BROAD,PC_HH_IACC,TOTAL,CZ,2013,95.55,
ESTAT:ISOC_CI_IT_H(1.0),10/07/23 11:00:00,A,H_BROAD,PC_HH_IACC,TOTAL,CZ,2014,97.34,
ESTAT:ISOC_CI_IT_H(1.0),10/07/23 11:00:00,A,H_BROAD,PC_HH_IACC,TOTAL,CZ,2015,96.28,
ESTAT:ISOC_CI_IT_H(1.0),10/07/23 11:00:00,A,H_BROAD,PC_HH_IACC,TOTAL,CZ,2016,98.37,
ESTAT:ISOC_CI_IT_H(1.0),10/07/23 11:00:00,A,H_BROAD,PC_HH_IACC,TOTAL,CZ,2017,99.57,
ESTAT:ISOC_CI_IT_H(1.0),10/07/23 11:00:00,A,H_BROAD,PC_HH_IACC,TOTAL,CZ,2018,99.32,
ESTAT:ISOC_CI_IT_H(1.0),10/07/23 11:00:00,A,H_BROAD,PC_HH_IACC,TOTAL,CZ,2019,100.00,
ESTAT:ISOC_CI_IT_H(1.0),10/07/23 11:00:00,A,H_BROAD,PC_HH_IACC,TOTAL,CZ,2020,100.00,b
ESTAT:ISOC_CI_IT_H(1.0),10/07/23 11:00:00,A,H_BROAD,PC_HH_IACC,TOTAL,CZ,2021,100.00,
ESTAT:ISOC_CI_IT_H(1.0),10/07/23 11:00:00,A,H_BROAD,PC_HH_IACC,TOTAL,DE,2011,93.11,
ESTAT:ISOC_CI_IT_H(1.0),10/07/23 11:00:00,A,H_BROAD,PC_HH_IACC,TOTAL,DE,2012,95.35,
ESTAT:ISOC_CI_IT_H(1.0),10/07/23 11:00:00,A,H_BROAD,PC_HH_IACC,TOTAL,DE,2013,96.63,
ESTAT:ISOC_CI_IT_H(1.0),10/07/23 11:00:00,A,H_BROAD,PC_HH_IACC,TOTAL,DE,2014,96.76,
ESTAT:ISOC_CI_IT_H(1.0),10/07/23 11:00:00,A,H_BROAD,PC_HH_IACC,TOTAL,DE,2015,97.28,
ESTAT:ISOC_CI_IT_H(1.0),10/07/23 11:00:00,A,H_BROAD,PC_HH_IACC,TOTAL,DE,2016,97.25,
ESTAT:ISOC_CI_IT_H(1.0),10/07/23 11:00:00,A,H_BROAD,PC_HH_IACC,TOTAL,DE,2017,98.65,
ESTAT:ISOC_CI_IT_H(1.0),10/07/23 11:00:00,A,H_BROAD,PC_HH_IACC,TOTAL,DE,2018,95.61,
ESTAT:ISOC_CI_IT_H(1.0),10/07/23 11:00:00,A,H_BROAD,PC_HH_IACC,TOTAL,DE,2019,99.05,
ESTAT:ISOC_CI_IT_H(1.0),10/07/23 11:00:00,A,H_BROAD,PC_HH_IACC,TOTAL,DE,2020,98.99,
ESTAT:ISOC_CI_IT_H(1.0),10/07/23 11:00:00,A,H_BROAD,PC_HH_IACC,TOTAL,DE,2021,96.69,b
ESTAT:ISOC_CI_IT_H(1.0),10/07/23 11:00:00,A,H_BROAD,PC_HH_IACC,TOTAL,DK,2011,93.13,
ESTAT:ISOC_CI_IT_H(1.0),10/07/23 11:00:00,A,H_BROAD,PC_HH_IACC,TOTAL,DK,2012,92.15,
ESTAT:ISOC_CI_IT_H(1.0),10/07/23 11:00:00,A,H_BROAD,PC_HH_IACC,TOTAL,DK,2013,94.04,
ESTAT:ISOC_CI_IT_H(1.0),10/07/23 11:00:00,A,H_BROAD,PC_HH_IACC,TOTAL,DK,2014,91.72,
ESTAT:ISOC_CI_IT_H(1.0),10/07/23 11:00:00,A,H_BROAD,PC_HH_IACC,TOTAL,DK,2015,91.78,
ESTAT:ISOC_CI_IT_H(1.0),10/07/23 11:00:00,A,H_BROAD,PC_HH_IACC,TOTAL,DK,2016,97.09,
ESTAT:ISOC_CI_IT_H(1.0),10/07/23 11:00:00,A,H_BROAD,PC_HH_IACC,TOTAL,DK,2017,94.95,
ESTAT:ISOC_CI_IT_H(1.0),10/07/23 11:00:00,A,H_BROAD,PC_HH_IACC,TOTAL,DK,2018,97.44,
ESTAT:ISOC_CI_IT_H(1.0),10/07/23 11:00:00,A,H_BROAD,PC_HH_IACC,TOTAL,DK,2019,96.96,
ESTAT:ISOC_CI_IT_H(1.0),10/07/23 11:00:00,A,H_BROAD,PC_HH_IACC,TOTAL,DK,2020,97.09,
ESTAT:ISOC_CI_IT_H(1.0),10/07/23 11:00:00,A,H_BROAD,PC_HH_IACC,TOTAL,DK,2021,96.18,
ESTAT:ISOC_CI_IT_H(1.0),10/07/23 11:00:00,A,H_BROAD,PC_HH_IACC,TOTAL,EE,2011,93.58,
ESTAT:ISOC_CI_IT_H(1.0),10/07/23 11:00:00,A,H_BROAD,PC_HH_IACC,TOTAL,EE,2012,98.94,
ESTAT:ISOC_CI_IT_H(1.0),10/07/23 11:00:00,A,H_BROAD,PC_HH_IACC,TOTAL,EE,2013,98.88,
ESTAT:ISOC_CI_IT_H(1.0),10/07/23 11:00:00,A,H_BROAD,PC_HH_IACC,TOTAL,EE,2014,97.96,b
ESTAT:ISOC_CI_IT_H(1.0),10/07/23 11:00:00,A,H_BROAD,PC_HH_IACC,TOTAL,EE,2015,99.07,
ESTAT:ISOC_CI_IT_H(1.0),10/07/23 11:00:00,A,H_BROAD,PC_HH_IACC,TOTAL,EE,2016,98.96,
ESTAT:ISOC_CI_IT_H(1.0),10/07/23 11:00:00,A,H_BROAD,PC_HH_IACC,TOTAL,EE,2017,98.97,
ESTAT:ISOC_CI_IT_H(1.0),10/07/23 11:00:00,A,H_BROAD,PC_HH_IACC,TOTAL,EE,2018,98.69,
ESTAT:ISOC_CI_IT_H(1.0),10/07/23 11:00:00,A,H_BROAD,PC_HH_IACC,TOTAL,EE,2019,99.53,
ESTAT:ISOC_CI_IT_H(1.0),10/07/23 11:00:00,A,H_BROAD,PC_HH_IACC,TOTAL,EE,2020,99.04,
ESTAT:ISOC_CI_IT_H(1.0),10/07/23 11:00:00,A,H_BROAD,PC_HH_IACC,TOTAL,EE,2021,98.97,
ESTAT:ISOC_CI_IT_H(1.0),10/07/23 11:00:00,A,H_BROAD,PC_HH_IACC,TOTAL,EL,2011,90.46,
ESTAT:ISOC_CI_IT_H(1.0),10/07/23 11:00:00,A,H_BROAD,PC_HH_IACC,TOTAL,EL,2012,94.26,
ESTAT:ISOC_CI_IT_H(1.0),10/07/23 11:00:00,A,H_BROAD,PC_HH_IACC,TOTAL,EL,2013,97.71,
ESTAT:ISOC_CI_IT_H(1.0),10/07/23 11:00:00,A,H_BROAD,PC_HH_IACC,TOTAL,EL,2014,98.64,
ESTAT:ISOC_CI_IT_H(1.0),10/07/23 11:00:00,A,H_BROAD,PC_HH_IACC,TOTAL,EL,2015,98.54,
ESTAT:ISOC_CI_IT_H(1.0),10/07/23 11:00:00,A,H_BROAD,PC_HH_IACC,TOTAL,EL,2016,98.45,
ESTAT:ISOC_CI_IT_H(1.0),10/07/23 11:00:00,A,H_BROAD,PC_HH_IACC,TOTAL,EL,2017,99.56,
ESTAT:ISOC_CI_IT_H(1.0),10/07/23 11:00:00,A,H_BROAD,PC_HH_IACC,TOTAL,EL,2018,99.52,
ESTAT:ISOC_CI_IT_H(1.0),10/07/23 11:00:00,A,H_BROAD,PC_HH_IACC,TOTAL,EL,2019,99.39,
ESTAT:ISOC_CI_IT_H(1.0),10/07/23 11:00:00,A,H_BROAD,PC_HH_IACC,TOTAL,EL,2020,99.47,
ESTAT:ISOC_CI_IT_H(1.0),10/07/23 11:00:00,A,H_BROAD,PC_HH_IACC,TOTAL,EL,2021,99.90,
ESTAT:ISOC_CI_IT_H(1.0),10/07/23 11:00:00,A,H_BROAD,PC_HH_IACC,TOTAL,ES,2011,96.88,
ESTAT:ISOC_CI_IT_H(1.0),10/07/23 11:00:00,A,H_BROAD,PC_HH_IACC,TOTAL,ES,2012,98.32,
ESTAT:ISOC_CI_IT_H(1.0),10/07/23 11:00:00,A,H_BROAD,PC_HH_IACC,TOTAL,ES,2013,98.71,
ESTAT:ISOC_CI_IT_H(1.0),10/07/23 11:00:00,A,H_BROAD,PC_HH_IACC,TOTAL,ES,2014,98.20,
ESTAT:ISOC_CI_IT_H(1.0),10/07/23 11:00:00,A,H_BROAD,PC_HH_IACC,TOTAL,ES,2015,98.82,
ESTAT:ISOC_CI_IT_H(1.0),10/07/23 11:00:00,A,H_BROAD,PC_HH_IACC,TOTAL,ES,2016,99.05,
ESTAT:ISOC_CI_IT_H(1.0),10/07/23 11:00:00,A,H_BROAD,PC_HH_IACC,TOTAL,ES,2017,99.16,
ESTAT:ISOC_CI_IT_H(1.0),10/07/23 11:00:00,A,H_BROAD,PC_HH_IACC,TOTAL,ES,2018,99.72,
ESTAT:ISOC_CI_IT_H(1.0),10/07/23 11:00:00,A,H_BROAD,PC_HH_IACC,TOTAL,ES,2019,99.71,
ESTAT:ISOC_CI_IT_H(1.0),10/07/23 11:00:00,A,H_BROAD,PC_HH_IACC,TOTAL,ES,2020,99.90,
ESTAT:ISOC_CI_IT_H(1.0),10/07/23 11:00:00,A,H_BROAD,PC_HH_IACC,TOTAL,ES,2021,99.99,
ESTAT:ISOC_CI_IT_H(1.0),10/07/23 11:00:00,A,H_BROAD,PC_HH_IACC,TOTAL,FI,2011,96.60,
ESTAT:ISOC_CI_IT_H(1.0),10/07/23 11:00:00,A,H_BROAD,PC_HH_IACC,TOTAL,FI,2012,97.89,
ESTAT:ISOC_CI_IT_H(1.0),10/07/23 11:00:00,A,H_BROAD,PC_HH_IACC,TOTAL,FI,2013,98.61,
ESTAT:ISOC_CI_IT_H(1.0),10/07/23 11:00:00,A,H_BROAD,PC_HH_IACC,TOTAL,FI,2014,98.99,
ESTAT:ISOC_CI_IT_H(1.0),10/07/23 11:00:00,A,H_BROAD,PC_HH_IACC,TOTAL,FI,2015,99.55,
ESTAT:ISOC_CI_IT_H(1.0),10/07/23 11:00:00,A,H_BROAD,PC_HH_IACC,TOTAL,FI,2016,99.20,
ESTAT:ISOC_CI_IT_H(1.0),10/07/23 11:00:00,A,H_BROAD,PC_HH_IACC,TOTAL,FI,2017,98.93,
ESTAT:ISOC_CI_IT_H(1.0),10/07/23 11:00:00,A,H_BROAD,PC_HH_IACC,TOTAL,FI,2018,98.64,
ESTAT:ISOC_CI_IT_H(1.0),10/07/23 11:00:00,A,H_BROAD,PC_HH_IACC,TOTAL,FI,2019,98.63,
ESTAT:ISOC_CI_IT_H(1.0),10/07/23 11:00:00,A,H_BROAD,PC_HH_IACC,TOTAL,FI,2020,98.78,
ESTAT:ISOC_CI_IT_H(1.0),10/07/23 11:00:00,A,H_BROAD,PC_HH_IACC,TOTAL,FI,2021,98.88,
ESTAT:ISOC_CI_IT_H(1.0),10/07/23 11:00:00,A,H_BROAD,PC_HH_IACC,TOTAL,FR,2011,92.14,
ESTAT:ISOC_CI_IT_H(1.0),10/07/23 11:00:00,A,H_BROAD,PC_HH_IACC,TOTAL,FR,2012,96.54,
ESTAT:ISOC_CI_IT_H(1.0),10/07/23 11:00:00,A,H_BROAD,PC_HH_IACC,TOTAL,FR,2013,95.91,
ESTAT:ISOC_CI_IT_H(1.0),10/07/23 11:00:00,A,H_BROAD,PC_HH_IACC,TOTAL,FR,2014,92.45,
ESTAT:ISOC_CI_IT_H(1.0),10/07/23 11:00:00,A,H_BROAD,PC_HH_IACC,TOTAL,FR,2015,92.09,
ESTAT:ISOC_CI_IT_H(1.0),10/07/23 11:00:00,A,H_BROAD,PC_HH_IACC,TOTAL,FR,2016,92.33,
ESTAT:ISOC_CI_IT_H(1.0),10/07/23 11:00:00,A,H_BROAD,PC_HH_IACC,TOTAL,FR,2017,91.63,
ESTAT:ISOC_CI_IT_H(1.0),10/07/23 11:00:00,A,H_BROAD,PC_HH_IACC,TOTAL,FR,2018,91.81,
ESTAT:ISOC_CI_IT_H(1.0),10/07/23 11:00:00,A,H_BROAD,PC_HH_IACC,TOTAL,FR,2019,91.87,
ESTAT:ISOC_CI_IT_H(1.0),10/07/23 11:00:00,A,H_BROAD,PC_HH_IACC,TOTAL,FR,2020,,
ESTAT:ISOC_CI_IT_H(1.0),10/07/23 11:00:00,A,H_BROAD,PC_HH_IACC,TOTAL,FR,2021,94.41,
ESTAT:ISOC_CI_IT_H(1.0),10/07/23 11:00:00,A,H_BROAD,PC_HH_IACC,TOTAL,HR,2011,91.83,
ESTAT:ISOC_CI_IT_H(1.0),10/07/23 11:00:00,A,H_BROAD,PC_HH_IACC,TOTAL,HR,2012,90.10,
ESTAT:ISOC_CI_IT_H(1.0),10/07/23 11:00:00,A,H_BROAD,PC_HH_IACC,TOTAL,HR,2013,98.57,
ESTAT:ISOC_CI_IT_H(1.0),10/07/23 11:00:00,A,H_BROAD,PC_HH_IACC,TOTAL,HR,2014,99.53,
ESTAT:ISOC_CI_IT_H(1.0),10/07/23 11:00:00,A,H_BROAD,PC_HH_IACC,TOTAL,HR,2015,98.86,
ESTAT:ISOC_CI_IT_H(1.0),10/07/23 11:00:00,A,H_BROAD,PC_HH_IACC,TOTAL,HR,2016,99.40,
ESTAT:ISOC_CI_IT_H(1.0),10/07/23 11:00:00,A,H_BROAD,PC_HH_IACC,TOTAL,HR,2017,99.40,
ESTAT:ISOC_CI_IT_H(1.0),10/07/23 11:00:00,A,H_BROAD,PC_HH_IACC,TOTAL,HR,2018,99.27,
ESTAT:ISOC_CI_IT_H(1.0),10/07/23 11:00:00,A,H_BROAD,PC_HH_IACC,TOTAL,HR,2019,100.00,
ESTAT:ISOC_CI_IT_H(1.0),10/07/23 11:00:00,A,H_BROAD,PC_HH_IACC,TOTAL,HR,2020,100.00,
ESTAT:ISOC_CI_IT_H(1.0),10/07/23 11:00:00,A,H_BROAD,PC_HH_IACC,TOTAL,HR,2021,99.97,
ESTAT:ISOC_CI_IT_H(1.0),10/07/23 11:00:00,A,H_BROAD,PC_HH_IACC,TOTAL,HU,2011,93.42,
ESTAT:ISOC_CI_IT_H(1.0),10/07/23 11:00:00,A,H_BROAD,PC_HH_IACC,TOTAL,HU,2012,99.17,
ESTAT:ISOC_CI_IT_H(1.0),10/07/23 11:00:00,A,H_BROAD,PC_HH_IACC,TOTAL,HU,2013,99.34,
ESTAT:ISOC_CI_IT_H(1.0),10/07/23 11:00:00,A,H_BROAD,PC_HH_IACC,TOTAL,HU,2014,99.23,
ESTAT:ISOC_CI_IT_H(1.0),10/07/23 11:00:00,A,H_BROAD,PC_HH_IACC,TOTAL,HU,2015,98.98,
ESTAT:ISOC_CI_IT_H(1.0),10/07/23 11:00:00,A,H_BROAD,PC_HH_IACC,TOTAL,HU,2016,98.77,
ESTAT:ISOC_CI_IT_H(1.0),10/07/23 11:00:00,A,H_BROAD,PC_HH_IACC,TOTAL,HU,2017,99.43,
ESTAT:ISOC_CI_IT_H(1.0),10/07/23 11:00:00,A,H_BROAD,PC_HH_IACC,TOTAL,HU,2018,99.47,
ESTAT:ISOC_CI_IT_H(1.0),10/07/23 11:00:00,A,H_BROAD,PC_HH_IACC,TOTAL,HU,2019,99.64,
ESTAT:ISOC_CI_IT_H(1.0),10/07/23 11:00:00,A,H_BROAD,PC_HH_IACC,TOTAL,HU,2020,99.54,
ESTAT:ISOC_CI_IT_H(1.0),10/07/23 11:00:00,A,H_BROAD,PC_HH_IACC,TOTAL,HU,2021,100.00,
ESTAT:ISOC_CI_IT_H(1.0),10/07/23 11:00:00,A,H_BROAD,PC_HH_IACC,TOTAL,IE,2011,83.75,
ESTAT:ISOC_CI_IT_H(1.0),10/07/23 11:00:00,A,H_BROAD,PC_HH_IACC,TOTAL,IE,2012,80.71,
ESTAT:ISOC_CI_IT_H(1.0),10/07/23 11:00:00,A,H_BROAD,PC_HH_IACC,TOTAL,IE,2013,81.32,
ESTAT:ISOC_CI_IT_H(1.0),10/07/23 11:00:00,A,H_BROAD,PC_HH_IACC,TOTAL,IE,2014,96.81,
ESTAT:ISOC_CI_IT_H(1.0),10/07/23 11:00:00,A,H_BROAD,PC_HH_IACC,TOTAL,IE,2015,97.44,
ESTAT:ISOC_CI_IT_H(1.0),10/07/23 11:00:00,A,H_BROAD,PC_HH_IACC,TOTAL,IE,2016,98.73,
ESTAT:ISOC_CI_IT_H(1.0),10/07/23 11:00:00,A,H_BROAD,PC_HH_IACC,TOTAL,IE,2017,99.63,
ESTAT:ISOC_CI_IT_H(1.0),10/07/23 11:00:00,A,H_BROAD,PC_HH_IACC,TOTAL,IE,2018,98.86,
ESTAT:ISOC_CI_IT_H(1.0),10/07/23 11:00:00,A,H_BROAD,PC_HH_IACC,TOTAL,IE,2019,99.28,
ESTAT:ISOC_CI_IT_H(1.0),10/07/23 11:00:00,A,H_BROAD,PC_HH_IACC,TOTAL,IE,2020,100.00,
ESTAT:ISOC_CI_IT_H(1.0),10/07/23 11:00:00,A,H_BROAD,PC_HH_IACC,TOTAL,IE,2021,95.74,b
ESTAT:ISOC_CI_IT_H(1.0),10/07/23 11:00:00,A,H_BROAD,PC_HH_IACC,TOTAL,IS,2011,99.81,
ESTAT:ISOC_CI_IT_H(1.0),10/07/23 11:00:00,A,H_BROAD,PC_HH_IACC,TOTAL,IS,2012,98.04,
ESTAT:ISOC_CI_IT_H(1.0),10/07/23 11:00:00,A,H_BROAD,PC_HH_IACC,TOTAL,IS,2013,99.04,
ESTAT:ISOC_CI_IT_H(1.0),10/07/23 11:00:00,A,H_BROAD,PC_HH_IACC,TOTAL,IS,2014,96.05,
ESTAT:ISOC_CI_IT_H(1.0),10/07/23 11:00:00,A,H_BROAD,PC_HH_IACC,TOTAL,IS,2015,,
ESTAT:ISOC_CI_IT_H(1.0),10/07/23 11:00:00,A,H_BROAD,PC_HH_IACC,TOTAL,IS,2016,,
ESTAT:ISOC_CI_IT_H(1.0),10/07/23 11:00:00,A,H_BROAD,PC_HH_IACC,TOTAL,IS,2017,98.29,
ESTAT:ISOC_CI_IT_H(1.0),10/07/23 11:00:00,A,H_BROAD,PC_HH_IACC,TOTAL,IS,2018,97.82,
ESTAT:ISOC_CI_IT_H(1.0),10/07/23 11:00:00,A,H_BROAD,PC_HH_IACC,TOTAL,IS,2019,96.78,
ESTAT:ISOC_CI_IT_H(1.0),10/07/23 11:00:00,A,H_BROAD,PC_HH_IACC,TOTAL,IS,2020,98.21,
ESTAT:ISOC_CI_IT_H(1.0),10/07/23 11:00:00,A,H_BROAD,PC_HH_IACC,TOTAL,IS,2021,96.48,
ESTAT:ISOC_CI_IT_H(1.0),10/07/23 11:00:00,A,H_BROAD,PC_HH_IACC,TOTAL,IT,2011,83.92,
ESTAT:ISOC_CI_IT_H(1.0),10/07/23 11:00:00,A,H_BROAD,PC_HH_IACC,TOTAL,IT,2012,87.53,
ESTAT:ISOC_CI_IT_H(1.0),10/07/23 11:00:00,A,H_BROAD,PC_HH_IACC,TOTAL,IT,2013,98.42,
ESTAT:ISOC_CI_IT_H(1.0),10/07/23 11:00:00,A,H_BROAD,PC_HH_IACC,TOTAL,IT,2014,97.86,
ESTAT:ISOC_CI_IT_H(1.0),10/07/23 11:00:00,A,H_BROAD,PC_HH_IACC,TOTAL,IT,2015,98.53,
ESTAT:ISOC_CI_IT_H(1.0),10/07/23 11:00:00,A,H_BROAD,PC_HH_IACC,TOTAL,IT,2016,98.25,
ESTAT:ISOC_CI_IT_H(1.0),10/07/23 11:00:00,A,H_BROAD,PC_HH_IACC,TOTAL,IT,2017,98.07,
ESTAT:ISOC_CI_IT_H(1.0),10/07/23 11:00:00,A,H_BROAD,PC_HH_IACC,TOTAL,IT,2018,98.18,
ESTAT:ISOC_CI_IT_H(1.0),10/07/23 11:00:00,A,H_BROAD,PC_HH_IACC,TOTAL,IT,2019,98.30,
ESTAT:ISOC_CI_IT_H(1.0),10/07/23 11:00:00,A,H_BROAD,PC_HH_IACC,TOTAL,IT,2020,98.47,
ESTAT:ISOC_CI_IT_H(1.0),10/07/23 11:00:00,A,H_BROAD,PC_HH_IACC,TOTAL,IT,2021,97.79,
ESTAT:ISOC_CI_IT_H(1.0),10/07/23 11:00:00,A,H_BROAD,PC_HH_IACC,TOTAL,LT,2011,92.54,
ESTAT:ISOC_CI_IT_H(1.0),10/07/23 11:00:00,A,H_BROAD,PC_HH_IACC,TOTAL,LT,2012,99.15,
ESTAT:ISOC_CI_IT_H(1.0),10/07/23 11:00:00,A,H_BROAD,PC_HH_IACC,TOTAL,LT,2013,99.02,
ESTAT:ISOC_CI_IT_H(1.0),10/07/23 11:00:00,A,H_BROAD,PC_HH_IACC,TOTAL,LT,2014,99.09,
ESTAT:ISOC_CI_IT_H(1.0),10/07/23 11:00:00,A,H_BROAD,PC_HH_IACC,TOTAL,LT,2015,98.63,
ESTAT:ISOC_CI_IT_H(1.0),10/07/23 11:00:00,A,H_BROAD,PC_HH_IACC,TOTAL,LT,2016,98.99,
ESTAT:ISOC_CI_IT_H(1.0),10/07/23 11:00:00,A,H_BROAD,PC_HH_IACC,TOTAL,LT,2017,99.61,
ESTAT:ISOC_CI_IT_H(1.0),10/07/23 11:00:00,A,H_BROAD,PC_HH_IACC,TOTAL,LT,2018,99.38,
ESTAT:ISOC_CI_IT_H(1.0),10/07/23 11:00:00,A,H_BROAD,PC_HH_IACC,TOTAL,LT,2019,99.80,
ESTAT:ISOC_CI_IT_H(1.0),10/07/23 11:00:00,A,H_BROAD,PC_HH_IACC,TOTAL,LT,2020,99.64,
ESTAT:ISOC_CI_IT_H(1.0),10/07/23 11:00:00,A,H_BROAD,PC_HH_IACC,TOTAL,LT,2021,99.30,
ESTAT:ISOC_CI_IT_H(1.0),10/07/23 11:00:00,A,H_BROAD,PC_HH_IACC,TOTAL,LU,2011,74.75,
ESTAT:ISOC_CI_IT_H(1.0),10/07/23 11:00:00,A,H_BROAD,PC_HH_IACC,TOTAL,LU,2012,72.91,
ESTAT:ISOC_CI_IT_H(1.0),10/07/23 11:00:00,A,H_BROAD,PC_HH_IACC,TOTAL,LU,2013,73.98,
ESTAT:ISOC_CI_IT_H(1.0),10/07/23 11:00:00,A,H_BROAD,PC_HH_IACC,TOTAL,LU,2014,96.99,
ESTAT:ISOC_CI_IT_H(1.0),10/07/23 11:00:00,A,H_BROAD,PC_HH_IACC,TOTAL,LU,2015,98.26,
ESTAT:ISOC_CI_IT_H(1.0),10/07/23 11:00:00,A,H_BROAD,PC_HH_IACC,TOTAL,LU,2016,99.73,
ESTAT:ISOC_CI_IT_H(1.0),10/07/23 11:00:00,A,H_BROAD,PC_HH_IACC,TOTAL,LU,2017,99.81,
ESTAT:ISOC_CI_IT_H(1.0),10/07/23 11:00:00,A,H_BROAD,PC_HH_IACC,TOTAL,LU,2018,99.87,b
ESTAT:ISOC_CI_IT_H(1.0),10/07/23 11:00:00,A,H_BROAD,PC_HH_IACC,TOTAL,LU,2019,100.00,
ESTAT:ISOC_CI_IT_H(1.0),10/07/23 11:00:00,A,H_BROAD,PC_HH_IACC,TOTAL,LU,2020,100.00,
ESTAT:ISOC_CI_IT_H(1.0),10/07/23 11:00:00,A,H_BROAD,PC_HH_IACC,TOTAL,LU,2021,98.16,
ESTAT:ISOC_CI_IT_H(1.0),10/07/23 11:00:00,A,H_BROAD,PC_HH_IACC,TOTAL,LV,2011,93.31,
ESTAT:ISOC_CI_IT_H(1.0),10/07/23 11:00:00,A,H_BROAD,PC_HH_IACC,TOTAL,LV,2012,97.97,
ESTAT:ISOC_CI_IT_H(1.0),10/07/23 11:00:00,A,H_BROAD,PC_HH_IACC,TOTAL,LV,2013,97.95,
ESTAT:ISOC_CI_IT_H(1.0),10/07/23 11:00:00,A,H_BROAD,PC_HH_IACC,TOTAL,LV,2014,99.60,
ESTAT:ISOC_CI_IT_H(1.0),10/07/23 11:00:00,A,H_BROAD,PC_HH_IACC,TOTAL,LV,2015,97.87,
ESTAT:ISOC_CI_IT_H(1.0),10/07/23 11:00:00,A,H_BROAD,PC_HH_IACC,TOTAL,LV,2016,97.08,b
ESTAT:ISOC_CI_IT_H(1.0),10/07/23 11:00:00,A,H_BROAD,PC_HH_IACC,TOTAL,LV,2017,97.31,
ESTAT:ISOC_CI_IT_H(1.0),10/07/23 11:00:00,A,H_BROAD,PC_HH_IACC,TOTAL,LV,2018,96.58,
ESTAT:ISOC_CI_IT_H(1.0),10/07/23 11:00:00,A,H_BROAD,PC_HH_IACC,TOTAL,LV,2019,97.49,
ESTAT:ISOC_CI_IT_H(1.0),10/07/23 11:00:00,A,H_BROAD,PC_HH_IACC,TOTAL,LV,2020,97.58,
ESTAT:ISOC_CI_IT_H(1.0),10/07/23 11:00:00,A,H_BROAD,PC_HH_IACC,TOTAL,LV,2021,98.17,
ESTAT:ISOC_CI_IT_H(1.0),10/07/23 11:00:00,A,H_BROAD,PC_HH_IACC,TOTAL,MK,2011,,
ESTAT:ISOC_CI_IT_H(1.0),10/07/23 11:00:00,A,H_BROAD,PC_HH_IACC,TOTAL,MK,2012,99.65,
ESTAT:ISOC_CI_IT_H(1.0),10/07/23 11:00:00,A,H_BROAD,PC_HH_IACC,TOTAL,MK,2013,99.50,
ESTAT:ISOC_CI_IT_H(1.0),10/07/23 11:00:00,A,H_BROAD,PC_HH_IACC,TOTAL,MK,2014,99.12,
ESTAT:ISOC_CI_IT_H(1.0),10/07/23 11:00:00,A,H_BROAD,PC_HH_IACC,TOTAL,MK,2015,99.45,
ESTAT:ISOC_CI_IT_H(1.0),10/07/23 11:00:00,A,H_BROAD,PC_HH_IACC,TOTAL,MK,2016,99.21,
ESTAT:ISOC_CI_IT_H(1.0),10/07/23 11:00:00,A,H_BROAD,PC_HH_IACC,TOTAL,MK,2017,91.25,
ESTAT:ISOC_CI_IT_H(1.0),10/07/23 11:00:00,A,H_BROAD,PC_HH_IACC,TOTAL,MK,2018,98.60,
ESTAT:ISOC_CI_IT_H(1.0),10/07/23 11:00:00,A,H_BROAD,PC_HH_IACC,TOTAL,MK,2019,98.48,
ESTAT:ISOC_CI_IT_H(1.0),10/07/23 11:00:00,A,H_BROAD,PC_HH_IACC,TOTAL,MK,2020,98.91,
ESTAT:ISOC_CI_IT_H(1.0),10/07/23 11:00:00,A,H_BROAD,PC_HH_IACC,TOTAL,MK,2021,99.25,
ESTAT:ISOC_CI_IT_H(1.0),10/07/23 11:00:00,A,H_BROAD,PC_HH_IACC,TOTAL,MT,2011,99.51,
ESTAT:ISOC_CI_IT_H(1.0),10/07/23 11:00:00,A,H_BROAD,PC_HH_IACC,TOTAL,MT,2012,99.83,
ESTAT:ISOC_CI_IT_H(1.0),10/07/23 11:00:00,A,H_BROAD,PC_HH_IACC,TOTAL,MT,2013,99.93,
ESTAT:ISOC_CI_IT_H(1.0),10/07/23 11:00:00,A,H_BROAD,PC_HH_IACC,TOTAL,MT,2014,99.26,
ESTAT:ISOC_CI_IT_H(1.0),10/07/23 11:00:00,A,H_BROAD,PC_HH_IACC,TOTAL,MT,2015,99.76,
ESTAT:ISOC_CI_IT_H(1.0),10/07/23 11:00:00,A,H_BROAD,PC_HH_IACC,TOTAL,MT,2016,99.77,
ESTAT:ISOC_CI_IT_H(1.0),10/07/23 11:00:00,A,H_BROAD,PC_HH_IACC,TOTAL,MT,2017,100.00,
ESTAT:ISOC_CI_IT_H(1.0),10/07/23 11:00:00,A,H_BROAD,PC_HH_IACC,TOTAL,MT,2018,100.00,
ESTAT:ISOC_CI_IT_H(1.0),10/07/23 11:00:00,A,H_BROAD,PC_HH_IACC,TOTAL,MT,2019,99.80,
ESTAT:ISOC_CI_IT_H(1.0),10/07/23 11:00:00,A,H_BROAD,PC_HH_IACC,TOTAL,MT,2020,100.00,
ESTAT:ISOC_CI_IT_H(1.0),10/07/23 11:00:00,A,H_BROAD,PC_HH_IACC,TOTAL,MT,2021,100.00,
ESTAT:ISOC_CI_IT_H(1.0),10/07/23 11:00:00,A,H_BROAD,PC_HH_IACC,TOTAL,NL,2011,88.57,
ESTAT:ISOC_CI_IT_H(1.0),10/07/23 11:00:00,A,H_BROAD,PC_HH_IACC,TOTAL,NL,2012,90.29,
ESTAT:ISOC_CI_IT_H(1.0),10/07/23 11:00:00,A,H_BROAD,PC_HH_IACC,TOTAL,NL,2013,91.83,
ESTAT:ISOC_CI_IT_H(1.0),10/07/23 11:00:00,A,H_BROAD,PC_HH_IACC,TOTAL,NL,2014,98.53,
ESTAT:ISOC_CI_IT_H(1.0),10/07/23 11:00:00,A,H_BROAD,PC_HH_IACC,TOTAL,NL,2015,97.96,
ESTAT:ISOC_CI_IT_H(1.0),10/07/23 11:00:00,A,H_BROAD,PC_HH_IACC,TOTAL,NL,2016,98.71,
ESTAT:ISOC_CI_IT_H(1.0),10/07/23 11:00:00,A,H_BROAD,PC_HH_IACC,TOTAL,NL,2017,99.56,
ESTAT:ISOC_CI_IT_H(1.0),10/07/23 11:00:00,A,H_BROAD,PC_HH_IACC,TOTAL,NL,2018,99.40,
ESTAT:ISOC_CI_IT_H(1.0),10/07/23 11:00:00,A,H_BROAD,PC_HH_IACC,TOTAL,NL,2019,99.51,
ESTAT:ISOC_CI_IT_H(1.0),10/07/23 11:00:00,A,H_BROAD,PC_HH_IACC,TOTAL,NL,2020,100.00,
ESTAT:ISOC_CI_IT_H(1.0),10/07/23 11:00:00,A,H_BROAD,PC_HH_IACC,TOTAL,NL,2021,100.00,
ESTAT:ISOC_CI_IT_H(1.0),10/07/23 11:00:00,A,H_BROAD,PC_HH_IACC,TOTAL,NO,2011,87.11,
ESTAT:ISOC_CI_IT_H(1.0),10/07/23 11:00:00,A,H_BROAD,PC_HH_IACC,TOTAL,NO,2012,92.57,
ESTAT:ISOC_CI_IT_H(1.0),10/07/23 11:00:00,A,H_BROAD,PC_HH_IACC,TOTAL,NO,2013,93.15,
ESTAT:ISOC_CI_IT_H(1.0),10/07/23 11:00:00,A,H_BROAD,PC_HH_IACC,TOTAL,NO,2014,94.41,
ESTAT:ISOC_CI_IT_H(1.0),10/07/23 11:00:00,A,H_BROAD,PC_HH_IACC,TOTAL,NO,2015,94.30,
ESTAT:ISOC_CI_IT_H(1.0),10/07/23 11:00:00,A,H_BROAD,PC_HH_IACC,TOTAL,NO,2016,99.08,
ESTAT:ISOC_CI_IT_H(1.0),10/07/23 11:00:00,A,H_BROAD,PC_HH_IACC,TOTAL,NO,2017,97.10,
ESTAT:ISOC_CI_IT_H(1.0),10/07/23 11:00:00,A,H_BROAD,PC_HH_IACC,TOTAL,NO,2018,98.00,
ESTAT:ISOC_CI_IT_H(1.0),10/07/23 11:00:00,A,H_BROAD,PC_HH_IACC,TOTAL,NO,2019,99.04,
ESTAT:ISOC_CI_IT_H(1.0),10/07/23 11:00:00,A,H_BROAD,PC_HH_IACC,TOTAL,NO,2020,99.80,
ESTAT:ISOC_CI_IT_H(1.0),10/07/23 11:00:00,A,H_BROAD,PC_HH_IACC,TOTAL,NO,2021,99.67,
ESTAT:ISOC_CI_IT_H(1.0),10/07/23 11:00:00,A,H_BROAD,PC_HH_IACC,TOTAL,PL,2011,91.72,
ESTAT:ISOC_CI_IT_H(1.0),10/07/23 11:00:00,A,H_BROAD,PC_HH_IACC,TOTAL,PL,2012,95.04,
ESTAT:ISOC_CI_IT_H(1.0),10/07/23 11:00:00,A,H_BROAD,PC_HH_IACC,TOTAL,PL,2013,95.67,
ESTAT:ISOC_CI_IT_H(1.0),10/07/23 11:00:00,A,H_BROAD,PC_HH_IACC,TOTAL,PL,2014,95.14,
ESTAT:ISOC_CI_IT_H(1.0),10/07/23 11:00:00,A,H_BROAD,PC_HH_IACC,TOTAL,PL,2015,93.69,
ESTAT:ISOC_CI_IT_H(1.0),10/07/23 11:00:00,A,H_BROAD,PC_HH_IACC,TOTAL,PL,2016,94.11,
ESTAT:ISOC_CI_IT_H(1.0),10/07/23 11:00:00,A,H_BROAD,PC_HH_IACC,TOTAL,PL,2017,94.82,
ESTAT:ISOC_CI_IT_H(1.0),10/07/23 11:00:00,A,H_BROAD,PC_HH_IACC,TOTAL,PL,2018,94.23,
ESTAT:ISOC_CI_IT_H(1.0),10/07/23 11:00:00,A,H_BROAD,PC_HH_IACC,TOTAL,PL,2019,96.02,
ESTAT:ISOC_CI_IT_H(1.0),10/07/23 11:00:00,A,H_BROAD,PC_HH_IACC,TOTAL,PL,2020,99.10,
ESTAT:ISOC_CI_IT_H(1.0),10/07/23 11:00:00,A,H_BROAD,PC_HH_IACC,TOTAL,PL,2021,99.24,
ESTAT:ISOC_CI_IT_H(1.0),10/07/23 11:00:00,A,H_BROAD,PC_HH_IACC,TOTAL,PT,2011,97.65,
ESTAT:ISOC_CI_IT_H(1.0),10/07/23 11:00:00,A,H_BROAD,PC_HH_IACC,TOTAL,PT,2012,97.91,
ESTAT:ISOC_CI_IT_H(1.0),10/07/23 11:00:00,A,H_BROAD,PC_HH_IACC,TOTAL,PT,2013,98.84,
ESTAT:ISOC_CI_IT_H(1.0),10/07/23 11:00:00,A,H_BROAD,PC_HH_IACC,TOTAL,PT,2014,97.68,
ESTAT:ISOC_CI_IT_H(1.0),10/07/23 11:00:00,A,H_BROAD,PC_HH_IACC,TOTAL,PT,2015,97.59,
ESTAT:ISOC_CI_IT_H(1.0),10/07/23 11:00:00,A,H_BROAD,PC_HH_IACC,TOTAL,PT,2016,98.51,
ESTAT:ISOC_CI_IT_H(1.0),10/07/23 11:00:00,A,H_BROAD,PC_HH_IACC,TOTAL,PT,2017,99.26,
ESTAT:ISOC_CI_IT_H(1.0),10/07/23 11:00:00,A,H_BROAD,PC_HH_IACC,TOTAL,PT,2018,96.85,
ESTAT:ISOC_CI_IT_H(1.0),10/07/23 11:00:00,A,H_BROAD,PC_HH_IACC,TOTAL,PT,2019,96.31,
ESTAT:ISOC_CI_IT_H(1.0),10/07/23 11:00:00,A,H_BROAD,PC_HH_IACC,TOTAL,PT,2020,96.65,
ESTAT:ISOC_CI_IT_H(1.0),10/07/23 11:00:00,A,H_BROAD,PC_HH_IACC,TOTAL,PT,2021,96.29,
ESTAT:ISOC_CI_IT_H(1.0),10/07/23 11:00:00,A,H_BROAD,PC_HH_IACC,TOTAL,RO,2011,64.76,
ESTAT:ISOC_CI_IT_H(1.0),10/07/23 11:00:00,A,H_BROAD,PC_HH_IACC,TOTAL,RO,2012,93.76,
ESTAT:ISOC_CI_IT_H(1.0),10/07/23 11:00:00,A,H_BROAD,PC_HH_IACC,TOTAL,RO,2013,97.07,
ESTAT:ISOC_CI_IT_H(1.0),10/07/23 11:00:00,A,H_BROAD,PC_HH_IACC,TOTAL,RO,2014,95.32,b
ESTAT:ISOC_CI_IT_H(1.0),10/07/23 11:00:00,A,H_BROAD,PC_HH_IACC,TOTAL,RO,2015,96.44,
ESTAT:ISOC_CI_IT_H(1.0),10/07/23 11:00:00,A,H_BROAD,PC_HH_IACC,TOTAL,RO,2016,96.83,
ESTAT:ISOC_CI_IT_H(1.0),10/07/23 11:00:00,A,H_BROAD,PC_HH_IACC,TOTAL,RO,2017,97.28,
ESTAT:ISOC_CI_IT_H(1.0),10/07/23 11:00:00,A,H_BROAD,PC_HH_IACC,TOTAL,RO,2018,97.48,
ESTAT:ISOC_CI_IT_H(1.0),10/07/23 11:00:00,A,H_BROAD,PC_HH_IACC,TOTAL,RO,2019,97.86,
ESTAT:ISOC_CI_IT_H(1.0),10/07/23 11:00:00,A,H_BROAD,PC_HH_IACC,TOTAL,RO,2020,96.92,
ESTAT:ISOC_CI_IT_H(1.0),10/07/23 11:00:00,A,H_BROAD,PC_HH_IACC,TOTAL,RO,2021,99.39,
ESTAT:ISOC_CI_IT_H(1.0),10/07/23 11:00:00,A,H_BROAD,PC_HH_IACC,TOTAL,RS,2011,,
ESTAT:ISOC_CI_IT_H(1.0),10/07/23 11:00:00,A,H_BROAD,PC_HH_IACC,TOTAL,RS,2012,,
ESTAT:ISOC_CI_IT_H(1.0),10/07/23 11:00:00,A,H_BROAD,PC_HH_IACC,TOTAL,RS,2013,,
ESTAT:ISOC_CI_IT_H(1.0),10/07/23 11:00:00,A,H_BROAD,PC_HH_IACC,TOTAL,RS,2014,,
ESTAT:ISOC_CI_IT_H(1.0),10/07/23 11:00:00,A,H_BROAD,PC_HH_IACC,TOTAL,RS,2015,93.73,
ESTAT:ISOC_CI_IT_H(1.0),10/07/23 11:00:00,A,H_BROAD,PC_HH_IACC,TOTAL,RS,2016,,
ESTAT:ISOC_CI_IT_H(1.0),10/07/23 11:00:00,A,H_BROAD,PC_HH_IACC,TOTAL,RS,2017,95.81,
ESTAT:ISOC_CI_IT_H(1.0),10/07/23 11:00:00,A,H_BROAD,PC_HH_IACC,TOTAL,RS,2018,99.50,
ESTAT:ISOC_CI_IT_H(1.0),10/07/23 11:00:00,A,H_BROAD,PC_HH_IACC,TOTAL,RS,2019,98.59,
ESTAT:ISOC_CI_IT_H(1.0),10/07/23 11:00:00,A,H_BROAD,PC_HH_IACC,TOTAL,RS,2020,99.76,
ESTAT:ISOC_CI_IT_H(1.0),10/07/23 11:00:00,A,H_BROAD,PC_HH_IACC,TOTAL,RS,2021,99.90,
ESTAT:ISOC_CI_IT_H(1.0),10/07/23 11:00:00,A,H_BROAD,PC_HH_IACC,TOTAL,SE,2011,94.35,
ESTAT:ISOC_CI_IT_H(1.0),10/07/23 11:00:00,A,H_BROAD,PC_HH_IACC,TOTAL,SE,2012,94.88,
ESTAT:ISOC_CI_IT_H(1.0),10/07/23 11:00:00,A,H_BROAD,PC_HH_IACC,TOTAL,SE,2013,,u
ESTAT:ISOC_CI_IT_H(1.0),10/07/23 11:00:00,A,H_BROAD,PC_HH_IACC,TOTAL,SE,2014,96.60,
ESTAT:ISOC_CI_IT_H(1.0),10/07/23 11:00:00,A,H_BROAD,PC_HH_IACC,TOTAL,SE,2015,91.12,
ESTAT:ISOC_CI_IT_H(1.0),10/07/23 11:00:00,A,H_BROAD,PC_HH_IACC,TOTAL,SE,2016,94.48,b
ESTAT:ISOC_CI_IT_H(1.0),10/07/23 11:00:00,A,H_BROAD,PC_HH_IACC,TOTAL,SE,2017,98.25,
ESTAT:ISOC_CI_IT_H(1.0),10/07/23 11:00:00,A,H_BROAD,PC_HH_IACC,TOTAL,SE,2018,97.80,
ESTAT:ISOC_CI_IT_H(1.0),10/07/23 11:00:00,A,H_BROAD,PC_HH_IACC,TOTAL,SE,2019,98.73,b
ESTAT:ISOC_CI_IT_H(1.0),10/07/23 11:00:00,A,H_BROAD,PC_HH_IACC,TOTAL,SE,2020,96.87,
ESTAT:ISOC_CI_IT_H(1.0),10/07/23 11:00:00,A,H_BROAD,PC_HH_IACC,TOTAL,SE,2021,97.57,
ESTAT:ISOC_CI_IT_H(1.0),10/07/23 11:00:00,A,H_BROAD,PC_HH_IACC,TOTAL,SI,2011,92.23,
ESTAT:ISOC_CI_IT_H(1.0),10/07/23 11:00:00,A,H_BROAD,PC_HH_IACC,TOTAL,SI,2012,99.14,
ESTAT:ISOC_CI_IT_H(1.0),10/07/23 11:00:00,A,H_BROAD,PC_HH_IACC,TOTAL,SI,2013,98.11,
ESTAT:ISOC_CI_IT_H(1.0),10/07/23 11:00:00,A,H_BROAD,PC_HH_IACC,TOTAL,SI,2014,98.16,
ESTAT:ISOC_CI_IT_H(1.0),10/07/23 11:00:00,A,H_BROAD,PC_HH_IACC,TOTAL,SI,2015,99.94,
ESTAT:ISOC_CI_IT_H(1.0),10/07/23 11:00:00,A,H_BROAD,PC_HH_IACC,TOTAL,SI,2016,100.00,
ESTAT:ISOC_CI_IT_H(1.0),10/07/23 11:00:00,A,H_BROAD,PC_HH_IACC,TOTAL,SI,2017,100.00,
ESTAT:ISOC_CI_IT_H(1.0),10/07/23 11:00:00,A,H_BROAD,PC_HH_IACC,TOTAL,SI,2018,100.00,
ESTAT:ISOC_CI_IT_H(1.0),10/07/23 11:00:00,A,H_BROAD,PC_HH_IACC,TOTAL,SI,2019,100.00,
ESTAT:ISOC_CI_IT_H(1.0),10/07/23 11:00:00,A,H_BROAD,PC_HH_IACC,TOTAL,SI,2020,100.00,
ESTAT:ISOC_CI_IT_H(1.0),10/07/23 11:00:00,A,H_BROAD,PC_HH_IACC,TOTAL,SI,2021,100.00,
ESTAT:ISOC_CI_IT_H(1.0),10/07/23 11:00:00,A,H_BROAD,PC_HH_IACC,TOTAL,SK,2011,78.17,
ESTAT:ISOC_CI_IT_H(1.0),10/07/23 11:00:00,A,H_BROAD,PC_HH_IACC,TOTAL,SK,2012,95.52,
ESTAT:ISOC_CI_IT_H(1.0),10/07/23 11:00:00,A,H_BROAD,PC_HH_IACC,TOTAL,SK,2013,90.08,
ESTAT:ISOC_CI_IT_H(1.0),10/07/23 11:00:00,A,H_BROAD,PC_HH_IACC,TOTAL,SK,2014,97.53,
ESTAT:ISOC_CI_IT_H(1.0),10/07/23 11:00:00,A,H_BROAD,PC_HH_IACC,TOTAL,SK,2015,97.63,
ESTAT:ISOC_CI_IT_H(1.0),10/07/23 11:00:00,A,H_BROAD,PC_HH_IACC,TOTAL,SK,2016,97.06,
ESTAT:ISOC_CI_IT_H(1.0),10/07/23 11:00:00,A,H_BROAD,PC_HH_IACC,TOTAL,SK,2017,97.03,
ESTAT:ISOC_CI_IT_H(1.0),10/07/23 11:00:00,A,H_BROAD,PC_HH_IACC,TOTAL,SK,2018,97.71,
ESTAT:ISOC_CI_IT_H(1.0),10/07/23 11:00:00,A,H_BROAD,PC_HH_IACC,TOTAL,SK,2019,97.77,
ESTAT:ISOC_CI_IT_H(1.0),10/07/23 11:00:00,A,H_BROAD,PC_HH_IACC,TOTAL,SK,2020,98.72,
ESTAT:ISOC_CI_IT_H(1.0),10/07/23 11:00:00,A,H_BROAD,PC_HH_IACC,TOTAL,SK,2021,99.97,
ESTAT:ISOC_CI_IT_H(1.0),10/07/23 11:00:00,A,H_BROAD,PC_HH_IACC,TOTAL,TR,2011,,
ESTAT:ISOC_CI_IT_H(1.0),10/07/23 11:00:00,A,H_BROAD,PC_HH_IACC,TOTAL,TR,2012,91.48,
ESTAT:ISOC_CI_IT_H(1.0),10/07/23 11:00:00,A,H_BROAD,PC_HH_IACC,TOTAL,TR,2013,94.67,
ESTAT:ISOC_CI_IT_H(1.0),10/07/23 11:00:00,A,H_BROAD,PC_HH_IACC,TOTAL,TR,2014,95.02,
ESTAT:ISOC_CI_IT_H(1.0),10/07/23 11:00:00,A,H_BROAD,PC_HH_IACC,TOTAL,TR,2015,97.46,
ESTAT:ISOC_CI_IT_H(1.0),10/07/23 11:00:00,A,H_BROAD,PC_HH_IACC,TOTAL,TR,2016,95.69,
ESTAT:ISOC_CI_IT_H(1.0),10/07/23 11:00:00,A,H_BROAD,PC_HH_IACC,TOTAL,TR,2017,97.00,
ESTAT:ISOC_CI_IT_H(1.0),10/07/23 11:00:00,A,H_BROAD,PC_HH_IACC,TOTAL,TR,2018,98.45,
ESTAT:ISOC_CI_IT_H(1.0),10/07/23 11:00:00,A,H_BROAD,PC_HH_IACC,TOTAL,TR,2019,99.55,
ESTAT:ISOC_CI_IT_H(1.0),10/07/23 11:00:00,A,H_BROAD,PC_HH_IACC,TOTAL,TR,2020,99.04,
ESTAT:ISOC_CI_IT_H(1.0),10/07/23 11:00:00,A,H_BROAD,PC_HH_IACC,TOTAL,TR,2021,99.98,
