DATAFLOW,LAST UPDATE,freq,indic_em,sex,age,unit,geo,TIME_PERIOD,OBS_VALUE,OBS_FLAG
ESTAT:LFSI_EMP_A(1.0),20/06/23 23:00:00,A,EMP_LFS,F,Y15-64,THS_PER,AT,2009,1822,
ESTAT:LFSI_EMP_A(1.0),20/06/23 23:00:00,A,EMP_LFS,F,Y15-64,THS_PER,AT,2010,1840,
ESTAT:LFSI_EMP_A(1.0),20/06/23 23:00:00,A,EMP_LFS,F,Y15-64,THS_PER,AT,2011,1862,
ESTAT:LFSI_EMP_A(1.0),20/06/23 23:00:00,A,EMP_LFS,F,Y15-64,THS_PER,AT,2012,1885,
ESTAT:LFSI_EMP_A(1.0),20/06/23 23:00:00,A,EMP_LFS,F,Y15-64,THS_PER,AT,2013,1897,
ESTAT:LFSI_EMP_A(1.0),20/06/23 23:00:00,A,EMP_LFS,F,Y15-64,THS_PER,AT,2014,1908,
ESTAT:LFSI_EMP_A(1.0),20/06/23 23:00:00,A,EMP_LFS,F,Y15-64,THS_PER,AT,2015,1923,
ESTAT:LFSI_EMP_A(1.0),20/06/23 23:00:00,A,EMP_LFS,F,Y15-64,THS_PER,AT,2016,1956,
ESTAT:LFSI_EMP_A(1.0),20/06/23 23:00:00,A,EMP_LFS,F,Y15-64,THS_PER,AT,2017,1977,
ESTAT:LFSI_EMP_A(1.0),20/06/23 23:00:00,A,EMP_LFS,F,Y15-64,THS_PER,AT,2018,1993,
ESTAT:LFSI_EMP_A(1.0),20/06/23 23:00:00,A,EMP_LFS,F,Y15-64,THS_PER,AT,2019,2014,
ESTAT:LFSI_EMP_A(1.0),20/06/23 23:00:00,A,EMP_LFS,F,Y15-64,THS_PER,AT,2020,1966,
ESTAT:LFSI_EMP_A(1.0),20/06/23 23:00:00,A,EMP_LFS,F,Y15-64,THS_PER,AT,2021,1988,
ESTAT:LFSI_EMP_A(1.0),20/06/23 23:00:00,A,EMP_LFS,F,Y15-64,THS_PER,AT,2022,2058,
ESTAT:LFSI_EMP_A(1.0),20/06/23 23:00:00,A,EMP_LFS,F,Y15-64,THS_PER,BE,2009,1984,
ESTAT:LFSI_EMP_A(1.0),20/06/23 23:00:00,A,EMP_LFS,F,Y15-64,THS_PER,BE,2010,2018,
ESTAT:LFSI_EMP_A(1.0),20/06/23 23:00:00,A,EMP_LFS,F,Y15-64,THS_PER,BE,2011,2036,
ESTAT:LFSI_EMP_A(1.0),20/06/23 23:00:00,A,EMP_LFS,F,Y15-64,THS_PER,BE,2012,2046,
ESTAT:LFSI_EMP_A(1.0),20/06/23 23:00:00,A,EMP_LFS,F,Y15-64,THS_PER,BE,2013,2065,
ESTAT:LFSI_EMP_A(1.0),20/06/23 23:00:00,A,EMP_LFS,F,Y15-64,THS_PER,BE,2014,2095,
ESTAT:LFSI_EMP_A(1.0),20/06/23 23:00:00,A,EMP_LFS,F,Y15-64,THS_PER,BE,2015,2102,
ESTAT:LFSI_EMP_A(1.0),20/06/23 23:00:00,A,EMP_LFS,F,Y15-64,THS_PER,BE,2016,2107,
ESTAT:LFSI_EMP_A(1.0),20/06/23 23:00:00,A,EMP_LFS,F,Y15-64,THS_PER,BE,2017,2126,b
ESTAT:LFSI_EMP_A(1.0),20/06/23 23:00:00,A,EMP_LFS,F,Y15-64,THS_PER,BE,2018,2204,
ESTAT:LFSI_EMP_A(1.0),20/06/23 23:00:00,A,EMP_LFS,F,Y15-64,THS_PER,BE,2019,2245,
ESTAT:LFSI_EMP_A(1.0),20/06/23 23:00:00,A,EMP_LFS,F,Y15-64,THS_PER,BE,2020,2218,
ESTAT:LFSI_EMP_A(1.0),20/06/23 23:00:00,A,EMP_LFS,F,Y15-64,THS_PER,BE,2021,2259,
ESTAT:LFSI_EMP_A(1.0),20/06/23 23:00:00,A,EMP_LFS,F,Y15-64,THS_PER,BE,2022,2331,
ESTAT:LFSI_EMP_A(1.0),20/06/23 23:00:00,A,EMP_LFS,F,Y15-64,THS_PER,BG,2009,1479,
ESTAT:LFSI_EMP_A(1.0),20/06/23 23:00:00,A,EMP_LFS,F,Y15-64,THS_PER,BG,2010,1398,b
ESTAT:LFSI_EMP_A(1.0),20/06/23 23:00:00,A,EMP_LFS,F,Y15-64,THS_PER,BG,2011,1364,b
ESTAT:LFSI_EMP_A(1.0),20/06/23 23:00:00,A,EMP_LFS,F,Y15-64,THS_PER,BG,2012,1356,
ESTAT:LFSI_EMP_A(1.0),20/06/23 23:00:00,A,EMP_LFS,F,Y15-64,THS_PER,BG,2013,1350,
ESTAT:LFSI_EMP_A(1.0),20/06/23 23:00:00,A,EMP_LFS,F,Y15-64,THS_PER,BG,2014,1364,
ESTAT:LFSI_EMP_A(1.0),20/06/23 23:00:00,A,EMP_LFS,F,Y15-64,THS_PER,BG,2015,1382,
ESTAT:LFSI_EMP_A(1.0),20/06/23 23:00:00,A,EMP_LFS,F,Y15-64,THS_PER,BG,2016,1366,
ESTAT:LFSI_EMP_A(1.0),20/06/23 23:00:00,A,EMP_LFS,F,Y15-64,THS_PER,BG,2017,1414,
ESTAT:LFSI_EMP_A(1.0),20/06/23 23:00:00,A,EMP_LFS,F,Y15-64,THS_PER,BG,2018,1413,
ESTAT:LFSI_EMP_A(1.0),20/06/23 23:00:00,A,EMP_LFS,F,Y15-64,THS_PER,BG,2019,1441,
ESTAT:LFSI_EMP_A(1.0),20/06/23 23:00:00,A,EMP_LFS,F,Y15-64,THS_PER,BG,2020,1387,
ESTAT:LFSI_EMP_A(1.0),20/06/23 23:00:00,A,EMP_LFS,F,Y15-64,THS_PER,BG,2021,1391,
ESTAT:LFSI_EMP_A(1.0),20/06/23 23:00:00,A,EMP_LFS,F,Y15-64,THS_PER,BG,2022,1432,
ESTAT:LFSI_EMP_A(1.0),20/06/23 23:00:00,A,EMP_LFS,F,Y15-64,THS_PER,CH,2009,,
ESTAT:LFSI_EMP_A(1.0),20/06/23 23:00:00,A,EMP_LFS,F,Y15-64,THS_PER,CH,2010,1872,b
ESTAT:LFSI_EMP_A(1.0),20/06/23 23:00:00,A,EMP_LFS,F,Y15-64,THS_PER,CH,2011,1916,
ESTAT:LFSI_EMP_A(1.0),20/06/23 23:00:00,A,EMP_LFS,F,Y15-64,THS_PER,CH,2012,1945,
ESTAT:LFSI_EMP_A(1.0),20/06/23 23:00:00,A,EMP_LFS,F,Y15-64,THS_PER,CH,2013,1966,
ESTAT:LFSI_EMP_A(1.0),20/06/23 23:00:00,A,EMP_LFS,F,Y15-64,THS_PER,CH,2014,2007,
ESTAT:LFSI_EMP_A(1.0),20/06/23 23:00:00,A,EMP_LFS,F,Y15-64,THS_PER,CH,2015,2042,
ESTAT:LFSI_EMP_A(1.0),20/06/23 23:00:00,A,EMP_LFS,F,Y15-64,THS_PER,CH,2016,2075,
ESTAT:LFSI_EMP_A(1.0),20/06/23 23:00:00,A,EMP_LFS,F,Y15-64,THS_PER,CH,2017,2079,
ESTAT:LFSI_EMP_A(1.0),20/06/23 23:00:00,A,EMP_LFS,F,Y15-64,THS_PER,CH,2018,2099,
ESTAT:LFSI_EMP_A(1.0),20/06/23 23:00:00,A,EMP_LFS,F,Y15-64,THS_PER,CH,2019,2126,
ESTAT:LFSI_EMP_A(1.0),20/06/23 23:00:00,A,EMP_LFS,F,Y15-64,THS_PER,CH,2020,2123,
ESTAT:LFSI_EMP_A(1.0),20/06/23 23:00:00,A,EMP_LFS,F,Y15-64,THS_PER,CH,2021,2119,
ESTAT:LFSI_EMP_A(1.0),20/06/23 23:00:00,A,EMP_LFS,F,Y15-64,THS_PER,CH,2022,2132,
ESTAT:LFSI_EMP_A(1.0),20/06/23 23:00:00,A,EMP_LFS,F,Y15-64,THS_PER,CY,2009,175,
ESTAT:LFSI_EMP_A(1.0),20/06/23 23:00:00,A,EMP_LFS,F,Y15-64,THS_PER,CY,2010,183,
ESTAT:LFSI_EMP_A(1.0),20/06/23 23:00:00,A,EMP_LFS,F,Y15-64,THS_PER,CY,2011,186,
ESTAT:LFSI_EMP_A(1.0),20/06/23 23:00:00,A,EMP_LFS,F,Y15-64,THS_PER,CY,2012,181,
ESTAT:LFSI_EMP_A(1.0),20/06/23 23:00:00,A,EMP_LFS,F,Y15-64,THS_PER,CY,2013,173,
ESTAT:LFSI_EMP_A(1.0),20/06/23 23:00:00,A,EMP_LFS,F,Y15-64,THS_PER,CY,2014,176,
ESTAT:LFSI_EMP_A(1.0),20/06/23 23:00:00,A,EMP_LFS,F,Y15-64,THS_PER,CY,2015,172,
ESTAT:LFSI_EMP_A(1.0),20/06/23 23:00:00,A,EMP_LFS,F,Y15-64,THS_PER,CY,2016,172,
ESTAT:LFSI_EMP_A(1.0),20/06/23 23:00:00,A,EMP_LFS,F,Y15-64,THS_PER,CY,2017,179,
ESTAT:LFSI_EMP_A(1.0),20/06/23 23:00:00,A,EMP_LFS,F,Y15-64,THS_PER,CY,2018,188,
ESTAT:LFSI_EMP_A(1.0),20/06/23 23:00:00,A,EMP_LFS,F,Y15-64,THS_PER,CY,2019,192,
ESTAT:LFSI_EMP_A(1.0),20/06/23 23:00:00,A,EMP_LFS,F,Y15-64,THS_PER,CY,2020,192,
ESTAT:LFSI_EMP_A(1.0),20/06/23 23:00:00,A,EMP_LFS,F,Y15-64,THS_PER,CY,2021,199,
ESTAT:LFSI_EMP_A(1.0),20/06/23 23:00:00,A,EMP_LFS,F,Y15-64,THS_PER,CY,2022,209,
ESTAT:LFSI_EMP_A(1.0),20/06/23 23:00:00,A,EMP_LFS,F,Y15-64,THS_PER,CZ,2009,2081,
ESTAT:LFSI_EMP_A(1.0),20/06/23 23:00:00,A,EMP_LFS,F,Y15-64,THS_PER,CZ,2010,2057,
ESTAT:LFSI_EMP_A(1.0),20/06/23 23:00:00,A,EMP_LFS,F,Y15-64,THS_PER,CZ,2011,2064,b
ESTAT:LFSI_EMP_A(1.0),20/06/23 23:00:00,A,EMP_LFS,F,Y15-64,THS_PER,CZ,2012,2079,
ESTAT:LFSI_EMP_A(1.0),20/06/23 23:00:00,A,EMP_LFS,F,Y15-64,THS_PER,CZ,2013,2104,
ESTAT:LFSI_EMP_A(1.0),20/06/23 23:00:00,A,EMP_LFS,F,Y15-64,THS_PER,CZ,2014,2120,
ESTAT:LFSI_EMP_A(1.0),20/06/23 23:00:00,A,EMP_LFS,F,Y15-64,THS_PER,CZ,2015,2159,
ESTAT:LFSI_EMP_A(1.0),20/06/23 23:00:00,A,EMP_LFS,F,Y15-64,THS_PER,CZ,2016,2210,
ESTAT:LFSI_EMP_A(1.0),20/06/23 23:00:00,A,EMP_LFS,F,Y15-64,THS_PER,CZ,2017,2251,
ESTAT:LFSI_EMP_A(1.0),20/06/23 23:00:00,A,EMP_LFS,F,Y15-64,THS_PER,CZ,2018,2285,
ESTAT:LFSI_EMP_A(1.0),20/06/23 23:00:00,A,EMP_LFS,F,Y15-64,THS_PER,CZ,2019,2288,
ESTAT:LFSI_EMP_A(1.0),20/06/23 23:00:00,A,EMP_LFS,F,Y15-64,THS_PER,CZ,2020,2245,
ESTAT:LFSI_EMP_A(1.0),20/06/23 23:00:00,A,EMP_LFS,F,Y15-64,THS_PER,CZ,2021,2237,
ESTAT:LFSI_EMP_A(1.0),20/06/23 23:00:00,A,EMP_LFS,F,Y15-64,THS_PER,CZ,2022,2224,
ESTAT:LFSI_EMP_A(1.0),20/06/23 23:00:00,A,EMP_LFS,F,Y15-64,THS_PER,DE,2009,17178,
ESTAT:LFSI_EMP_A(1.0),20/06/23 23:00:00,A,EMP_LFS,F,Y15-64,THS_PER,DE,2010,17090,b
ESTAT:LFSI_EMP_A(1.0),20/06/23 23:00:00,A,EMP_LFS,F,Y15-64,THS_PER,DE,2011,17474,b
ESTAT:LFSI_EMP_A(1.0),20/06/23 23:00:00,A,EMP_LFS,F,Y15-64,THS_PER,DE,2012,17573,
ESTAT:LFSI_EMP_A(1.0),20/06/23 23:00:00,A,EMP_LFS,F,Y15-64,THS_PER,DE,2013,17817,
ESTAT:LFSI_EMP_A(1.0),20/06/23 23:00:00,A,EMP_LFS,F,Y15-64,THS_PER,DE,2014,17969,
ESTAT:LFSI_EMP_A(1.0),20/06/23 23:00:00,A,EMP_LFS,F,Y15-64,THS_PER,DE,2015,18125,
ESTAT:LFSI_EMP_A(1.0),20/06/23 23:00:00,A,EMP_LFS,F,Y15-64,THS_PER,DE,2016,18541,
ESTAT:LFSI_EMP_A(1.0),20/06/23 23:00:00,A,EMP_LFS,F,Y15-64,THS_PER,DE,2017,18678,
ESTAT:LFSI_EMP_A(1.0),20/06/23 23:00:00,A,EMP_LFS,F,Y15-64,THS_PER,DE,2018,18775,
ESTAT:LFSI_EMP_A(1.0),20/06/23 23:00:00,A,EMP_LFS,F,Y15-64,THS_PER,DE,2019,19003,
ESTAT:LFSI_EMP_A(1.0),20/06/23 23:00:00,A,EMP_LFS,F,Y15-64,THS_PER,DE,2020,18616,b
ESTAT:LFSI_EMP_A(1.0),20/06/23 23:00:00,A,EMP_LFS,F,Y15-64,THS_PER,DE,2021,18797,
ESTAT:LFSI_EMP_A(1.0),20/06/23 23:00:00,A,EMP_LFS,F,Y15-64,THS_PER,DE,2022,19280,
ESTAT:LFSI_EMP_A(1.0),20/06/23 23:00:00,A,EMP_LFS,F,Y15-64,THS_PER,DK,2009,1271,
ESTAT:LFSI_EMP_A(1.0),20/06/23 23:00:00,A,EMP_LFS,F,Y15-64,THS_PER,DK,2010,1248,
ESTAT:LFSI_EMP_A(1.0),20/06/23 23:00:00,A,EMP_LFS,F,Y15-64,THS_PER,DK,2011,1234,
ESTAT:LFSI_EMP_A(1.0),20/06/23 23:00:00,A,EMP_LFS,F,Y15-64,THS_PER,DK,2012,1227,
ESTAT:LFSI_EMP_A(1.0),20/06/23 23:00:00,A,EMP_LFS,F,Y15-64,THS_PER,DK,2013,1225,
ESTAT:LFSI_EMP_A(1.0),20/06/23 23:00:00,A,EMP_LFS,F,Y15-64,THS_PER,DK,2014,1224,
ESTAT:LFSI_EMP_A(1.0),20/06/23 23:00:00,A,EMP_LFS,F,Y15-64,THS_PER,DK,2015,1240,
ESTAT:LFSI_EMP_A(1.0),20/06/23 23:00:00,A,EMP_LFS,F,Y15-64,THS_PER,DK,2016,1268,b
ESTAT:LFSI_EMP_A(1.0),20/06/23 23:00:00,A,EMP_LFS,F,Y15-64,THS_PER,DK,2017,1284,b
ESTAT:LFSI_EMP_A(1.0),20/06/23 23:00:00,A,EMP_LFS,F,Y15-64,THS_PER,DK,2018,1303,
ESTAT:LFSI_EMP_A(1.0),20/06/23 23:00:00,A,EMP_LFS,F,Y15-64,THS_PER,DK,2019,1320,
ESTAT:LFSI_EMP_A(1.0),20/06/23 23:00:00,A,EMP_LFS,F,Y15-64,THS_PER,DK,2020,1308,
ESTAT:LFSI_EMP_A(1.0),20/06/23 23:00:00,A,EMP_LFS,F,Y15-64,THS_PER,DK,2021,1329,
ESTAT:LFSI_EMP_A(1.0),20/06/23 23:00:00,A,EMP_LFS,F,Y15-64,THS_PER,DK,2022,1378,
ESTAT:LFSI_EMP_A(1.0),20/06/23 23:00:00,A,EMP_LFS,F,Y15-64,THS_PER,EE,2009,296,
ESTAT:LFSI_EMP_A(1.0),20/06/23 23:00:00,A,EMP_LFS,F,Y15-64,THS_PER,EE,2010,285,
ESTAT:LFSI_EMP_A(1.0),20/06/23 23:00:00,A,EMP_LFS,F,Y15-64,THS_PER,EE,2011,290,
ESTAT:LFSI_EMP_A(1.0),20/06/23 23:00:00,A,EMP_LFS,F,Y15-64,THS_PER,EE,2012,298,
ESTAT:LFSI_EMP_A(1.0),20/06/23 23:00:00,A,EMP_LFS,F,Y15-64,THS_PER,EE,2013,298,
ESTAT:LFSI_EMP_A(1.0),20/06/23 23:00:00,A,EMP_LFS,F,Y15-64,THS_PER,EE,2014,296,
ESTAT:LFSI_EMP_A(1.0),20/06/23 23:00:00,A,EMP_LFS,F,Y15-64,THS_PER,EE,2015,300,
ESTAT:LFSI_EMP_A(1.0),20/06/23 23:00:00,A,EMP_LFS,F,Y15-64,THS_PER,EE,2016,299,
ESTAT:LFSI_EMP_A(1.0),20/06/23 23:00:00,A,EMP_LFS,F,Y15-64,THS_PER,EE,2017,308,
ESTAT:LFSI_EMP_A(1.0),20/06/23 23:00:00,A,EMP_LFS,F,Y15-64,THS_PER,EE,2018,306,
ESTAT:LFSI_EMP_A(1.0),20/06/23 23:00:00,A,EMP_LFS,F,Y15-64,THS_PER,EE,2019,307,
ESTAT:LFSI_EMP_A(1.0),20/06/23 23:00:00,A,EMP_LFS,F,Y15-64,THS_PER,EE,2020,302,
ESTAT:LFSI_EMP_A(1.0),20/06/23 23:00:00,A,EMP_LFS,F,Y15-64,THS_PER,EE,2021,301,
ESTAT:LFSI_EMP_A(1.0),20/06/23 23:00:00,A,EMP_LFS,F,Y15-64,THS_PER,EE,2022,312,
ESTAT:LFSI_EMP_A(1.0),20/06/23 23:00:00,A,EMP_LFS,F,Y15-64,THS_PER,EL,2009,1794,
ESTAT:LFSI_EMP_A(1.0),20/06/23 23:00:00,A,EMP_LFS,F,Y15-64,THS_PER,EL,2010,1744,
ESTAT:LFSI_EMP_A(1.0),20/06/23 23:00:00,A,EMP_LFS,F,Y15-64,THS_PER,EL,2011,1624,
ESTAT:LFSI_EMP_A(1.0),20/06/23 23:00:00,A,EMP_LFS,F,Y15-64,THS_PER,EL,2012,1490,
ESTAT:LFSI_EMP_A(1.0),20/06/23 23:00:00,A,EMP_LFS,F,Y15-64,THS_PER,EL,2013,1417,
ESTAT:LFSI_EMP_A(1.0),20/06/23 23:00:00,A,EMP_LFS,F,Y15-64,THS_PER,EL,2014,1448,
ESTAT:LFSI_EMP_A(1.0),20/06/23 23:00:00,A,EMP_LFS,F,Y15-64,THS_PER,EL,2015,1486,
ESTAT:LFSI_EMP_A(1.0),20/06/23 23:00:00,A,EMP_LFS,F,Y15-64,THS_PER,EL,2016,1500,
ESTAT:LFSI_EMP_A(1.0),20/06/23 23:00:00,A,EMP_LFS,F,Y15-64,THS_PER,EL,2017,1526,
ESTAT:LFSI_EMP_A(1.0),20/06/23 23:00:00,A,EMP_LFS,F,Y15-64,THS_PER,EL,2018,1538,
ESTAT:LFSI_EMP_A(1.0),20/06/23 23:00:00,A,EMP_LFS,F,Y15-64,THS_PER,EL,2019,1593,
ESTAT:LFSI_EMP_A(1.0),20/06/23 23:00:00,A,EMP_LFS,F,Y15-64,THS_PER,EL,2020,1515,
ESTAT:LFSI_EMP_A(1.0),20/06/23 23:00:00,A,EMP_LFS,F,Y15-64,THS_PER,EL,2021,1622,
ESTAT:LFSI_EMP_A(1.0),20/06/23 23:00:00,A,EMP_LFS,F,Y15-64,THS_PER,EL,2022,1709,
ESTAT:LFSI_EMP_A(1.0),20/06/23 23:00:00,A,EMP_LFS,F,Y15-64,THS_PER,ES,2009,8314,
ESTAT:LFSI_EMP_A(1.0),20/06/23 23:00:00,A,EMP_LFS,F,Y15-64,THS_PER,ES,2010,8236,
ESTAT:LFSI_EMP_A(1.0),20/06/23 23:00:00,A,EMP_LFS,F,Y15-64,THS_PER,ES,2011,8203,
ESTAT:LFSI_EMP_A(1.0),20/06/23 23:00:00,A,EMP_LFS,F,Y15-64,THS_PER,ES,2012,7957,
ESTAT:LFSI_EMP_A(1.0),20/06/23 23:00:00,A,EMP_LFS,F,Y15-64,THS_PER,ES,2013,7765,
ESTAT:LFSI_EMP_A(1.0),20/06/23 23:00:00,A,EMP_LFS,F,Y15-64,THS_PER,ES,2014,7847,
ESTAT:LFSI_EMP_A(1.0),20/06/23 23:00:00,A,EMP_LFS,F,Y15-64,THS_PER,ES,2015,8041,
ESTAT:LFSI_EMP_A(1.0),20/06/23 23:00:00,A,EMP_LFS,F,Y15-64,THS_PER,ES,2016,8272,
ESTAT:LFSI_EMP_A(1.0),20/06/23 23:00:00,A,EMP_LFS,F,Y15-64,THS_PER,ES,2017,8487,
ESTAT:LFSI_EMP_A(1.0),20/06/23 23:00:00,A,EMP_LFS,F,Y15-64,THS_PER,ES,2018,8717,
ESTAT:LFSI_EMP_A(1.0),20/06/23 23:00:00,A,EMP_LFS,F,Y15-64,THS_PER,ES,2019,8945,
ESTAT:LFSI_EMP_A(1.0),20/06/23 23:00:00,A,EMP_LFS,F,Y15-64,THS_PER,ES,2020,8669,
ESTAT:LFSI_EMP_A(1.0),20/06/23 23:00:00,A,EMP_LFS,F,Y15-64,THS_PER,ES,2021,9001,d
ESTAT:LFSI_EMP_A(1.0),20/06/23 23:00:00,A,EMP_LFS,F,Y15-64,THS_PER,ES,2022,9290,d
ESTAT:LFSI_EMP_A(1.0),20/06/23 23:00:00,A,EMP_LFS,F,Y15-64,THS_PER,FI,2009,1177,
ESTAT:LFSI_EMP_A(1.0),20/06/23 23:00:00,A,EMP_LFS,F,Y15-64,THS_PER,FI,2010,1157,
ESTAT:LFSI_EMP_A(1.0),20/06/23 23:00:00,A,EMP_LFS,F,Y15-64,THS_PER,FI,2011,1160,
ESTAT:LFSI_EMP_A(1.0),20/06/23 23:00:00,A,EMP_LFS,F,Y15-64,THS_PER,FI,2012,1169,
ESTAT:LFSI_EMP_A(1.0),20/06/23 23:00:00,A,EMP_LFS,F,Y15-64,THS_PER,FI,2013,1160,
ESTAT:LFSI_EMP_A(1.0),20/06/23 23:00:00,A,EMP_LFS,F,Y15-64,THS_PER,FI,2014,1157,
ESTAT:LFSI_EMP_A(1.0),20/06/23 23:00:00,A,EMP_LFS,F,Y15-64,THS_PER,FI,2015,1145,
ESTAT:LFSI_EMP_A(1.0),20/06/23 23:00:00,A,EMP_LFS,F,Y15-64,THS_PER,FI,2016,1141,
ESTAT:LFSI_EMP_A(1.0),20/06/23 23:00:00,A,EMP_LFS,F,Y15-64,THS_PER,FI,2017,1148,
ESTAT:LFSI_EMP_A(1.0),20/06/23 23:00:00,A,EMP_LFS,F,Y15-64,THS_PER,FI,2018,1179,
ESTAT:LFSI_EMP_A(1.0),20/06/23 23:00:00,A,EMP_LFS,F,Y15-64,THS_PER,FI,2019,1189,
ESTAT:LFSI_EMP_A(1.0),20/06/23 23:00:00,A,EMP_LFS,F,Y15-64,THS_PER,FI,2020,1169,
ESTAT:LFSI_EMP_A(1.0),20/06/23 23:00:00,A,EMP_LFS,F,Y15-64,THS_PER,FI,2021,1198,
ESTAT:LFSI_EMP_A(1.0),20/06/23 23:00:00,A,EMP_LFS,F,Y15-64,THS_PER,FI,2022,1235,
ESTAT:LFSI_EMP_A(1.0),20/06/23 23:00:00,A,EMP_LFS,F,Y15-64,THS_PER,FR,2009,12640,
ESTAT:LFSI_EMP_A(1.0),20/06/23 23:00:00,A,EMP_LFS,F,Y15-64,THS_PER,FR,2010,12653,
ESTAT:LFSI_EMP_A(1.0),20/06/23 23:00:00,A,EMP_LFS,F,Y15-64,THS_PER,FR,2011,12654,
ESTAT:LFSI_EMP_A(1.0),20/06/23 23:00:00,A,EMP_LFS,F,Y15-64,THS_PER,FR,2012,12710,
ESTAT:LFSI_EMP_A(1.0),20/06/23 23:00:00,A,EMP_LFS,F,Y15-64,THS_PER,FR,2013,12760,
ESTAT:LFSI_EMP_A(1.0),20/06/23 23:00:00,A,EMP_LFS,F,Y15-64,THS_PER,FR,2014,12853,
ESTAT:LFSI_EMP_A(1.0),20/06/23 23:00:00,A,EMP_LFS,F,Y15-64,THS_PER,FR,2015,12901,
ESTAT:LFSI_EMP_A(1.0),20/06/23 23:00:00,A,EMP_LFS,F,Y15-64,THS_PER,FR,2016,12941,
ESTAT:LFSI_EMP_A(1.0),20/06/23 23:00:00,A,EMP_LFS,F,Y15-64,THS_PER,FR,2017,12995,
ESTAT:LFSI_EMP_A(1.0),20/06/23 23:00:00,A,EMP_LFS,F,Y15-64,THS_PER,FR,2018,13131,
ESTAT:LFSI_EMP_A(1.0),20/06/23 23:00:00,A,EMP_LFS,F,Y15-64,THS_PER,FR,2019,13234,
ESTAT:LFSI_EMP_A(1.0),20/06/23 23:00:00,A,EMP_LFS,F,Y15-64,THS_PER,FR,2020,13179,
ESTAT:LFSI_EMP_A(1.0),20/06/23 23:00:00,A,EMP_LFS,F,Y15-64,THS_PER,FR,2021,13363,d
ESTAT:LFSI_EMP_A(1.0),20/06/23 23:00:00,A,EMP_LFS,F,Y15-64,THS_PER,FR,2022,13645,d
ESTAT:LFSI_EMP_A(1.0),20/06/23 23:00:00,A,EMP_LFS,F,Y15-64,THS_PER,HR,2009,772,
ESTAT:LFSI_EMP_A(1.0),20/06/23 23:00:00,A,EMP_LFS,F,Y15-64,THS_PER,HR,2010,749,
ESTAT:LFSI_EMP_A(1.0),20/06/23 23:00:00,A,EMP_LFS,F,Y15-64,THS_PER,HR,2011,711,
ESTAT:LFSI_EMP_A(1.0),20/06/23 23:00:00,A,EMP_LFS,F,Y15-64,THS_PER,HR,2012,693,
ESTAT:LFSI_EMP_A(1.0),20/06/23 23:00:00,A,EMP_LFS,F,Y15-64,THS_PER,HR,2013,690,
ESTAT:LFSI_EMP_A(1.0),20/06/23 23:00:00,A,EMP_LFS,F,Y15-64,THS_PER,HR,2014,706,
ESTAT:LFSI_EMP_A(1.0),20/06/23 23:00:00,A,EMP_LFS,F,Y15-64,THS_PER,HR,2015,719,
ESTAT:LFSI_EMP_A(1.0),20/06/23 23:00:00,A,EMP_LFS,F,Y15-64,THS_PER,HR,2016,721,
ESTAT:LFSI_EMP_A(1.0),20/06/23 23:00:00,A,EMP_LFS,F,Y15-64,THS_PER,HR,2017,735,
ESTAT:LFSI_EMP_A(1.0),20/06/23 23:00:00,A,EMP_LFS,F,Y15-64,THS_PER,HR,2018,751,
ESTAT:LFSI_EMP_A(1.0),20/06/23 23:00:00,A,EMP_LFS,F,Y15-64,THS_PER,HR,2019,758,
ESTAT:LFSI_EMP_A(1.0),20/06/23 23:00:00,A,EMP_LFS,F,Y15-64,THS_PER,HR,2020,747,
ESTAT:LFSI_EMP_A(1.0),20/06/23 23:00:00,A,EMP_LFS,F,Y15-64,THS_PER,HR,2021,762,
ESTAT:LFSI_EMP_A(1.0),20/06/23 23:00:00,A,EMP_LFS,F,Y15-64,THS_PER,HR,2022,776,
ESTAT:LFSI_EMP_A(1.0),20/06/23 23:00:00,A,EMP_LFS,F,Y15-64,THS_PER,HU,2009,1857,
ESTAT:LFSI_EMP_A(1.0),20/06/23 23:00:00,A,EMP_LFS,F,Y15-64,THS_PER,HU,2010,1866,
ESTAT:LFSI_EMP_A(1.0),20/06/23 23:00:00,A,EMP_LFS,F,Y15-64,THS_PER,HU,2011,1866,
ESTAT:LFSI_EMP_A(1.0),20/06/23 23:00:00,A,EMP_LFS,F,Y15-64,THS_PER,HU,2012,1895,
ESTAT:LFSI_EMP_A(1.0),20/06/23 23:00:00,A,EMP_LFS,F,Y15-64,THS_PER,HU,2013,1911,
ESTAT:LFSI_EMP_A(1.0),20/06/23 23:00:00,A,EMP_LFS,F,Y15-64,THS_PER,HU,2014,1989,
ESTAT:LFSI_EMP_A(1.0),20/06/23 23:00:00,A,EMP_LFS,F,Y15-64,THS_PER,HU,2015,2035,
ESTAT:LFSI_EMP_A(1.0),20/06/23 23:00:00,A,EMP_LFS,F,Y15-64,THS_PER,HU,2016,2102,
ESTAT:LFSI_EMP_A(1.0),20/06/23 23:00:00,A,EMP_LFS,F,Y15-64,THS_PER,HU,2017,2111,
ESTAT:LFSI_EMP_A(1.0),20/06/23 23:00:00,A,EMP_LFS,F,Y15-64,THS_PER,HU,2018,2136,
ESTAT:LFSI_EMP_A(1.0),20/06/23 23:00:00,A,EMP_LFS,F,Y15-64,THS_PER,HU,2019,2133,
ESTAT:LFSI_EMP_A(1.0),20/06/23 23:00:00,A,EMP_LFS,F,Y15-64,THS_PER,HU,2020,2103,
ESTAT:LFSI_EMP_A(1.0),20/06/23 23:00:00,A,EMP_LFS,F,Y15-64,THS_PER,HU,2021,2118,
ESTAT:LFSI_EMP_A(1.0),20/06/23 23:00:00,A,EMP_LFS,F,Y15-64,THS_PER,HU,2022,2155,
ESTAT:LFSI_EMP_A(1.0),20/06/23 23:00:00,A,EMP_LFS,F,Y15-64,THS_PER,IE,2009,911,
ESTAT:LFSI_EMP_A(1.0),20/06/23 23:00:00,A,EMP_LFS,F,Y15-64,THS_PER,IE,2010,879,
ESTAT:LFSI_EMP_A(1.0),20/06/23 23:00:00,A,EMP_LFS,F,Y15-64,THS_PER,IE,2011,864,
ESTAT:LFSI_EMP_A(1.0),20/06/23 23:00:00,A,EMP_LFS,F,Y15-64,THS_PER,IE,2012,863,
ESTAT:LFSI_EMP_A(1.0),20/06/23 23:00:00,A,EMP_LFS,F,Y15-64,THS_PER,IE,2013,877,
ESTAT:LFSI_EMP_A(1.0),20/06/23 23:00:00,A,EMP_LFS,F,Y15-64,THS_PER,IE,2014,894,
ESTAT:LFSI_EMP_A(1.0),20/06/23 23:00:00,A,EMP_LFS,F,Y15-64,THS_PER,IE,2015,921,
ESTAT:LFSI_EMP_A(1.0),20/06/23 23:00:00,A,EMP_LFS,F,Y15-64,THS_PER,IE,2016,958,
ESTAT:LFSI_EMP_A(1.0),20/06/23 23:00:00,A,EMP_LFS,F,Y15-64,THS_PER,IE,2017,986,
ESTAT:LFSI_EMP_A(1.0),20/06/23 23:00:00,A,EMP_LFS,F,Y15-64,THS_PER,IE,2018,1010,
ESTAT:LFSI_EMP_A(1.0),20/06/23 23:00:00,A,EMP_LFS,F,Y15-64,THS_PER,IE,2019,1039,
ESTAT:LFSI_EMP_A(1.0),20/06/23 23:00:00,A,EMP_LFS,F,Y15-64,THS_PER,IE,2020,1000,
ESTAT:LFSI_EMP_A(1.0),20/06/23 23:00:00,A,EMP_LFS,F,Y15-64,THS_PER,IE,2021,1083,
ESTAT:LFSI_EMP_A(1.0),20/06/23 23:00:00,A,EMP_LFS,F,Y15-64,THS_PER,IE,2022,1157,
ESTAT:LFSI_EMP_A(1.0),20/06/23 23:00:00,A,EMP_LFS,F,Y15-64,THS_PER,IS,2009,76,
ESTAT:LFSI_EMP_A(1.0),20/06/23 23:00:00,A,EMP_LFS,F,Y15-64,THS_PER,IS,2010,77,
ESTAT:LFSI_EMP_A(1.0),20/06/23 23:00:00,A,EMP_LFS,F,Y15-64,THS_PER,IS,2011,77,
ESTAT:LFSI_EMP_A(1.0),20/06/23 23:00:00,A,EMP_LFS,F,Y15-64,THS_PER,IS,2012,78,
ESTAT:LFSI_EMP_A(1.0),20/06/23 23:00:00,A,EMP_LFS,F,Y15-64,THS_PER,IS,2013,80,
ESTAT:LFSI_EMP_A(1.0),20/06/23 23:00:00,A,EMP_LFS,F,Y15-64,THS_PER,IS,2014,82,
ESTAT:LFSI_EMP_A(1.0),20/06/23 23:00:00,A,EMP_LFS,F,Y15-64,THS_PER,IS,2015,84,
ESTAT:LFSI_EMP_A(1.0),20/06/23 23:00:00,A,EMP_LFS,F,Y15-64,THS_PER,IS,2016,85,
ESTAT:LFSI_EMP_A(1.0),20/06/23 23:00:00,A,EMP_LFS,F,Y15-64,THS_PER,IS,2017,86,
ESTAT:LFSI_EMP_A(1.0),20/06/23 23:00:00,A,EMP_LFS,F,Y15-64,THS_PER,IS,2018,88,
ESTAT:LFSI_EMP_A(1.0),20/06/23 23:00:00,A,EMP_LFS,F,Y15-64,THS_PER,IS,2019,89,
ESTAT:LFSI_EMP_A(1.0),20/06/23 23:00:00,A,EMP_LFS,F,Y15-64,THS_PER,IS,2020,86,b
ESTAT:LFSI_EMP_A(1.0),20/06/23 23:00:00,A,EMP_LFS,F,Y15-64,THS_PER,IS,2021,86,
ESTAT:LFSI_EMP_A(1.0),20/06/23 23:00:00,A,EMP_LFS,F,Y15-64,THS_PER,IS,2022,93,
ESTAT:LFSI_EMP_A(1.0),20/06/23 23:00:00,A,EMP_LFS,F,Y15-64,THS_PER,IT,2009,9032,
ESTAT:LFSI_EMP_A(1.0),20/06/23 23:00:00,A,EMP_LFS,F,Y15-64,THS_PER,IT,2010,9016,
ESTAT:LFSI_EMP_A(1.0),20/06/23 23:00:00,A,EMP_LFS,F,Y15-64,THS_PER,IT,2011,9117,
ESTAT:LFSI_EMP_A(1.0),20/06/23 23:00:00,A,EMP_LFS,F,Y15-64,THS_PER,IT,2012,9204,
ESTAT:LFSI_EMP_A(1.0),20/06/23 23:00:00,A,EMP_LFS,F,Y15-64,THS_PER,IT,2013,9079,
ESTAT:LFSI_EMP_A(1.0),20/06/23 23:00:00,A,EMP_LFS,F,Y15-64,THS_PER,IT,2014,9125,
ESTAT:LFSI_EMP_A(1.0),20/06/23 23:00:00,A,EMP_LFS,F,Y15-64,THS_PER,IT,2015,9151,
ESTAT:LFSI_EMP_A(1.0),20/06/23 23:00:00,A,EMP_LFS,F,Y15-64,THS_PER,IT,2016,9290,
ESTAT:LFSI_EMP_A(1.0),20/06/23 23:00:00,A,EMP_LFS,F,Y15-64,THS_PER,IT,2017,9415,
ESTAT:LFSI_EMP_A(1.0),20/06/23 23:00:00,A,EMP_LFS,F,Y15-64,THS_PER,IT,2018,9490,
ESTAT:LFSI_EMP_A(1.0),20/06/23 23:00:00,A,EMP_LFS,F,Y15-64,THS_PER,IT,2019,9564,
ESTAT:LFSI_EMP_A(1.0),20/06/23 23:00:00,A,EMP_LFS,F,Y15-64,THS_PER,IT,2020,9180,
ESTAT:LFSI_EMP_A(1.0),20/06/23 23:00:00,A,EMP_LFS,F,Y15-64,THS_PER,IT,2021,9290,
ESTAT:LFSI_EMP_A(1.0),20/06/23 23:00:00,A,EMP_LFS,F,Y15-64,THS_PER,IT,2022,9528,
ESTAT:LFSI_EMP_A(1.0),20/06/23 23:00:00,A,EMP_LFS,F,Y15-64,THS_PER,LT,2009,674,
ESTAT:LFSI_EMP_A(1.0),20/06/23 23:00:00,A,EMP_LFS,F,Y15-64,THS_PER,LT,2010,646,
ESTAT:LFSI_EMP_A(1.0),20/06/23 23:00:00,A,EMP_LFS,F,Y15-64,THS_PER,LT,2011,636,
ESTAT:LFSI_EMP_A(1.0),20/06/23 23:00:00,A,EMP_LFS,F,Y15-64,THS_PER,LT,2012,642,
ESTAT:LFSI_EMP_A(1.0),20/06/23 23:00:00,A,EMP_LFS,F,Y15-64,THS_PER,LT,2013,644,
ESTAT:LFSI_EMP_A(1.0),20/06/23 23:00:00,A,EMP_LFS,F,Y15-64,THS_PER,LT,2014,656,
ESTAT:LFSI_EMP_A(1.0),20/06/23 23:00:00,A,EMP_LFS,F,Y15-64,THS_PER,LT,2015,663,
ESTAT:LFSI_EMP_A(1.0),20/06/23 23:00:00,A,EMP_LFS,F,Y15-64,THS_PER,LT,2016,674,
ESTAT:LFSI_EMP_A(1.0),20/06/23 23:00:00,A,EMP_LFS,F,Y15-64,THS_PER,LT,2017,670,
ESTAT:LFSI_EMP_A(1.0),20/06/23 23:00:00,A,EMP_LFS,F,Y15-64,THS_PER,LT,2018,669,
ESTAT:LFSI_EMP_A(1.0),20/06/23 23:00:00,A,EMP_LFS,F,Y15-64,THS_PER,LT,2019,669,
ESTAT:LFSI_EMP_A(1.0),20/06/23 23:00:00,A,EMP_LFS,F,Y15-64,THS_PER,LT,2020,648,
ESTAT:LFSI_EMP_A(1.0),20/06/23 23:00:00,A,EMP_LFS,F,Y15-64,THS_PER,LT,2021,650,
ESTAT:LFSI_EMP_A(1.0),20/06/23 23:00:00,A,EMP_LFS,F,Y15-64,THS_PER,LT,2022,691,
ESTAT:LFSI_EMP_A(1.0),20/06/23 23:00:00,A,EMP_LFS,F,Y15-64,THS_PER,LU,2009,93,
ESTAT:LFSI_EMP_A(1.0),20/06/23 23:00:00,A,EMP_LFS,F,Y15-64,THS_PER,LU,2010,95,
ESTAT:LFSI_EMP_A(1.0),20/06/23 23:00:00,A,EMP_LFS,F,Y15-64,THS_PER,LU,2011,97,
ESTAT:LFSI_EMP_A(1.0),20/06/23 23:00:00,A,EMP_LFS,F,Y15-64,THS_PER,LU,2012,103,
ESTAT:LFSI_EMP_A(1.0),20/06/23 23:00:00,A,EMP_LFS,F,Y15-64,THS_PER,LU,2013,105,
ESTAT:LFSI_EMP_A(1.0),20/06/23 23:00:00,A,EMP_LFS,F,Y15-64,THS_PER,LU,2014,109,
ESTAT:LFSI_EMP_A(1.0),20/06/23 23:00:00,A,EMP_LFS,F,Y15-64,THS_PER,LU,2015,115,b
ESTAT:LFSI_EMP_A(1.0),20/06/23 23:00:00,A,EMP_LFS,F,Y15-64,THS_PER,LU,2016,117,
ESTAT:LFSI_EMP_A(1.0),20/06/23 23:00:00,A,EMP_LFS,F,Y15-64,THS_PER,LU,2017,125,
ESTAT:LFSI_EMP_A(1.0),20/06/23 23:00:00,A,EMP_LFS,F,Y15-64,THS_PER,LU,2018,129,
ESTAT:LFSI_EMP_A(1.0),20/06/23 23:00:00,A,EMP_LFS,F,Y15-64,THS_PER,LU,2019,132,
ESTAT:LFSI_EMP_A(1.0),20/06/23 23:00:00,A,EMP_LFS,F,Y15-64,THS_PER,LU,2020,135,
ESTAT:LFSI_EMP_A(1.0),20/06/23 23:00:00,A,EMP_LFS,F,Y15-64,THS_PER,LU,2021,141,
ESTAT:LFSI_EMP_A(1.0),20/06/23 23:00:00,A,EMP_LFS,F,Y15-64,THS_PER,LU,2022,145,
ESTAT:LFSI_EMP_A(1.0),20/06/23 23:00:00,A,EMP_LFS,F,Y15-64,THS_PER,LV,2009,455,
ESTAT:LFSI_EMP_A(1.0),20/06/23 23:00:00,A,EMP_LFS,F,Y15-64,THS_PER,LV,2010,434,
ESTAT:LFSI_EMP_A(1.0),20/06/23 23:00:00,A,EMP_LFS,F,Y15-64,THS_PER,LV,2011,433,
ESTAT:LFSI_EMP_A(1.0),20/06/23 23:00:00,A,EMP_LFS,F,Y15-64,THS_PER,LV,2012,433,
ESTAT:LFSI_EMP_A(1.0),20/06/23 23:00:00,A,EMP_LFS,F,Y15-64,THS_PER,LV,2013,437,
ESTAT:LFSI_EMP_A(1.0),20/06/23 23:00:00,A,EMP_LFS,F,Y15-64,THS_PER,LV,2014,431,
ESTAT:LFSI_EMP_A(1.0),20/06/23 23:00:00,A,EMP_LFS,F,Y15-64,THS_PER,LV,2015,436,
ESTAT:LFSI_EMP_A(1.0),20/06/23 23:00:00,A,EMP_LFS,F,Y15-64,THS_PER,LV,2016,436,
ESTAT:LFSI_EMP_A(1.0),20/06/23 23:00:00,A,EMP_LFS,F,Y15-64,THS_PER,LV,2017,433,
ESTAT:LFSI_EMP_A(1.0),20/06/23 23:00:00,A,EMP_LFS,F,Y15-64,THS_PER,LV,2018,438,
ESTAT:LFSI_EMP_A(1.0),20/06/23 23:00:00,A,EMP_LFS,F,Y15-64,THS_PER,LV,2019,436,
ESTAT:LFSI_EMP_A(1.0),20/06/23 23:00:00,A,EMP_LFS,F,Y15-64,THS_PER,LV,2020,426,
ESTAT:LFSI_EMP_A(1.0),20/06/23 23:00:00,A,EMP_LFS,F,Y15-64,THS_PER,LV,2021,408,
ESTAT:LFSI_EMP_A(1.0),20/06/23 23:00:00,A,EMP_LFS,F,Y15-64,THS_PER,LV,2022,423,
ESTAT:LFSI_EMP_A(1.0),20/06/23 23:00:00,A,EMP_LFS,F,Y15-64,THS_PER,ME,2009,,
ESTAT:LFSI_EMP_A(1.0),20/06/23 23:00:00,A,EMP_LFS,F,Y15-64,THS_PER,ME,2010,,
ESTAT:LFSI_EMP_A(1.0),20/06/23 23:00:00,A,EMP_LFS,F,Y15-64,THS_PER,ME,2011,85,
ESTAT:LFSI_EMP_A(1.0),20/06/23 23:00:00,A,EMP_LFS,F,Y15-64,THS_PER,ME,2012,88,
ESTAT:LFSI_EMP_A(1.0),20/06/23 23:00:00,A,EMP_LFS,F,Y15-64,THS_PER,ME,2013,90,
ESTAT:LFSI_EMP_A(1.0),20/06/23 23:00:00,A,EMP_LFS,F,Y15-64,THS_PER,ME,2014,96,
ESTAT:LFSI_EMP_A(1.0),20/06/23 23:00:00,A,EMP_LFS,F,Y15-64,THS_PER,ME,2015,99,
ESTAT:LFSI_EMP_A(1.0),20/06/23 23:00:00,A,EMP_LFS,F,Y15-64,THS_PER,ME,2016,99,
ESTAT:LFSI_EMP_A(1.0),20/06/23 23:00:00,A,EMP_LFS,F,Y15-64,THS_PER,ME,2017,99,
ESTAT:LFSI_EMP_A(1.0),20/06/23 23:00:00,A,EMP_LFS,F,Y15-64,THS_PER,ME,2018,102,
ESTAT:LFSI_EMP_A(1.0),20/06/23 23:00:00,A,EMP_LFS,F,Y15-64,THS_PER,ME,2019,105,
ESTAT:LFSI_EMP_A(1.0),20/06/23 23:00:00,A,EMP_LFS,F,Y15-64,THS_PER,ME,2020,94,
ESTAT:LFSI_EMP_A(1.0),20/06/23 23:00:00,A,EMP_LFS,F,Y15-64,THS_PER,ME,2021,,
ESTAT:LFSI_EMP_A(1.0),20/06/23 23:00:00,A,EMP_LFS,F,Y15-64,THS_PER,ME,2022,,
ESTAT:LFSI_EMP_A(1.0),20/06/23 23:00:00,A,EMP_LFS,F,Y15-64,THS_PER,MK,2009,238,
ESTAT:LFSI_EMP_A(1.0),20/06/23 23:00:00,A,EMP_LFS,F,Y15-64,THS_PER,MK,2010,243,
ESTAT:LFSI_EMP_A(1.0),20/06/23 23:00:00,A,EMP_LFS,F,Y15-64,THS_PER,MK,2011,254,
ESTAT:LFSI_EMP_A(1.0),20/06/23 23:00:00,A,EMP_LFS,F,Y15-64,THS_PER,MK,2012,255,
ESTAT:LFSI_EMP_A(1.0),20/06/23 23:00:00,A,EMP_LFS,F,Y15-64,THS_PER,MK,2013,269,
ESTAT:LFSI_EMP_A(1.0),20/06/23 23:00:00,A,EMP_LFS,F,Y15-64,THS_PER,MK,2014,269,
ESTAT:LFSI_EMP_A(1.0),20/06/23 23:00:00,A,EMP_LFS,F,Y15-64,THS_PER,MK,2015,279,
ESTAT:LFSI_EMP_A(1.0),20/06/23 23:00:00,A,EMP_LFS,F,Y15-64,THS_PER,MK,2016,281,
ESTAT:LFSI_EMP_A(1.0),20/06/23 23:00:00,A,EMP_LFS,F,Y15-64,THS_PER,MK,2017,288,
ESTAT:LFSI_EMP_A(1.0),20/06/23 23:00:00,A,EMP_LFS,F,Y15-64,THS_PER,MK,2018,297,
ESTAT:LFSI_EMP_A(1.0),20/06/23 23:00:00,A,EMP_LFS,F,Y15-64,THS_PER,MK,2019,317,
ESTAT:LFSI_EMP_A(1.0),20/06/23 23:00:00,A,EMP_LFS,F,Y15-64,THS_PER,MK,2020,320,
ESTAT:LFSI_EMP_A(1.0),20/06/23 23:00:00,A,EMP_LFS,F,Y15-64,THS_PER,MK,2021,,
ESTAT:LFSI_EMP_A(1.0),20/06/23 23:00:00,A,EMP_LFS,F,Y15-64,THS_PER,MK,2022,,
ESTAT:LFSI_EMP_A(1.0),20/06/23 23:00:00,A,EMP_LFS,F,Y15-64,THS_PER,MT,2009,53,
ESTAT:LFSI_EMP_A(1.0),20/06/23 23:00:00,A,EMP_LFS,F,Y15-64,THS_PER,MT,2010,56,
ESTAT:LFSI_EMP_A(1.0),20/06/23 23:00:00,A,EMP_LFS,F,Y15-64,THS_PER,MT,2011,58,
ESTAT:LFSI_EMP_A(1.0),20/06/23 23:00:00,A,EMP_LFS,F,Y15-64,THS_PER,MT,2012,64,
ESTAT:LFSI_EMP_A(1.0),20/06/23 23:00:00,A,EMP_LFS,F,Y15-64,THS_PER,MT,2013,69,
ESTAT:LFSI_EMP_A(1.0),20/06/23 23:00:00,A,EMP_LFS,F,Y15-64,THS_PER,MT,2014,74,
ESTAT:LFSI_EMP_A(1.0),20/06/23 23:00:00,A,EMP_LFS,F,Y15-64,THS_PER,MT,2015,76,
ESTAT:LFSI_EMP_A(1.0),20/06/23 23:00:00,A,EMP_LFS,F,Y15-64,THS_PER,MT,2016,81,
ESTAT:LFSI_EMP_A(1.0),20/06/23 23:00:00,A,EMP_LFS,F,Y15-64,THS_PER,MT,2017,87,
ESTAT:LFSI_EMP_A(1.0),20/06/23 23:00:00,A,EMP_LFS,F,Y15-64,THS_PER,MT,2018,96,
ESTAT:LFSI_EMP_A(1.0),20/06/23 23:00:00,A,EMP_LFS,F,Y15-64,THS_PER,MT,2019,101,
ESTAT:LFSI_EMP_A(1.0),20/06/23 23:00:00,A,EMP_LFS,F,Y15-64,THS_PER,MT,2020,105,
ESTAT:LFSI_EMP_A(1.0),20/06/23 23:00:00,A,EMP_LFS,F,Y15-64,THS_PER,MT,2021,109,
ESTAT:LFSI_EMP_A(1.0),20/06/23 23:00:00,A,EMP_LFS,F,Y15-64,THS_PER,MT,2022,118,
ESTAT:LFSI_EMP_A(1.0),20/06/23 23:00:00,A,EMP_LFS,F,Y15-64,THS_PER,NL,2009,3850,
ESTAT:LFSI_EMP_A(1.0),20/06/23 23:00:00,A,EMP_LFS,F,Y15-64,THS_PER,NL,2010,3846,
ESTAT:LFSI_EMP_A(1.0),20/06/23 23:00:00,A,EMP_LFS,F,Y15-64,THS_PER,NL,2011,3875,
ESTAT:LFSI_EMP_A(1.0),20/06/23 23:00:00,A,EMP_LFS,F,Y15-64,THS_PER,NL,2012,3899,
ESTAT:LFSI_EMP_A(1.0),20/06/23 23:00:00,A,EMP_LFS,F,Y15-64,THS_PER,NL,2013,3879,
ESTAT:LFSI_EMP_A(1.0),20/06/23 23:00:00,A,EMP_LFS,F,Y15-64,THS_PER,NL,2014,3824,
ESTAT:LFSI_EMP_A(1.0),20/06/23 23:00:00,A,EMP_LFS,F,Y15-64,THS_PER,NL,2015,3879,
ESTAT:LFSI_EMP_A(1.0),20/06/23 23:00:00,A,EMP_LFS,F,Y15-64,THS_PER,NL,2016,3940,
ESTAT:LFSI_EMP_A(1.0),20/06/23 23:00:00,A,EMP_LFS,F,Y15-64,THS_PER,NL,2017,4027,
ESTAT:LFSI_EMP_A(1.0),20/06/23 23:00:00,A,EMP_LFS,F,Y15-64,THS_PER,NL,2018,4120,
ESTAT:LFSI_EMP_A(1.0),20/06/23 23:00:00,A,EMP_LFS,F,Y15-64,THS_PER,NL,2019,4204,
ESTAT:LFSI_EMP_A(1.0),20/06/23 23:00:00,A,EMP_LFS,F,Y15-64,THS_PER,NL,2020,4207,
ESTAT:LFSI_EMP_A(1.0),20/06/23 23:00:00,A,EMP_LFS,F,Y15-64,THS_PER,NL,2021,4271,
ESTAT:LFSI_EMP_A(1.0),20/06/23 23:00:00,A,EMP_LFS,F,Y15-64,THS_PER,NL,2022,4393,
ESTAT:LFSI_EMP_A(1.0),20/06/23 23:00:00,A,EMP_LFS,F,Y15-64,THS_PER,NO,2009,1180,
ESTAT:LFSI_EMP_A(1.0),20/06/23 23:00:00,A,EMP_LFS,F,Y15-64,THS_PER,NO,2010,1182,
ESTAT:LFSI_EMP_A(1.0),20/06/23 23:00:00,A,EMP_LFS,F,Y15-64,THS_PER,NO,2011,1198,
ESTAT:LFSI_EMP_A(1.0),20/06/23 23:00:00,A,EMP_LFS,F,Y15-64,THS_PER,NO,2012,1211,
ESTAT:LFSI_EMP_A(1.0),20/06/23 23:00:00,A,EMP_LFS,F,Y15-64,THS_PER,NO,2013,1219,
ESTAT:LFSI_EMP_A(1.0),20/06/23 23:00:00,A,EMP_LFS,F,Y15-64,THS_PER,NO,2014,1224,
ESTAT:LFSI_EMP_A(1.0),20/06/23 23:00:00,A,EMP_LFS,F,Y15-64,THS_PER,NO,2015,1229,
ESTAT:LFSI_EMP_A(1.0),20/06/23 23:00:00,A,EMP_LFS,F,Y15-64,THS_PER,NO,2016,1240,
ESTAT:LFSI_EMP_A(1.0),20/06/23 23:00:00,A,EMP_LFS,F,Y15-64,THS_PER,NO,2017,1241,
ESTAT:LFSI_EMP_A(1.0),20/06/23 23:00:00,A,EMP_LFS,F,Y15-64,THS_PER,NO,2018,1252,
ESTAT:LFSI_EMP_A(1.0),20/06/23 23:00:00,A,EMP_LFS,F,Y15-64,THS_PER,NO,2019,1266,
ESTAT:LFSI_EMP_A(1.0),20/06/23 23:00:00,A,EMP_LFS,F,Y15-64,THS_PER,NO,2020,1264,
ESTAT:LFSI_EMP_A(1.0),20/06/23 23:00:00,A,EMP_LFS,F,Y15-64,THS_PER,NO,2021,1266,
ESTAT:LFSI_EMP_A(1.0),20/06/23 23:00:00,A,EMP_LFS,F,Y15-64,THS_PER,NO,2022,1295,
ESTAT:LFSI_EMP_A(1.0),20/06/23 23:00:00,A,EMP_LFS,F,Y15-64,THS_PER,PL,2009,6808,
ESTAT:LFSI_EMP_A(1.0),20/06/23 23:00:00,A,EMP_LFS,F,Y15-64,THS_PER,PL,2010,6614,b
ESTAT:LFSI_EMP_A(1.0),20/06/23 23:00:00,A,EMP_LFS,F,Y15-64,THS_PER,PL,2011,6638,
ESTAT:LFSI_EMP_A(1.0),20/06/23 23:00:00,A,EMP_LFS,F,Y15-64,THS_PER,PL,2012,6686,
ESTAT:LFSI_EMP_A(1.0),20/06/23 23:00:00,A,EMP_LFS,F,Y15-64,THS_PER,PL,2013,6673,
ESTAT:LFSI_EMP_A(1.0),20/06/23 23:00:00,A,EMP_LFS,F,Y15-64,THS_PER,PL,2014,6838,
ESTAT:LFSI_EMP_A(1.0),20/06/23 23:00:00,A,EMP_LFS,F,Y15-64,THS_PER,PL,2015,6998,
ESTAT:LFSI_EMP_A(1.0),20/06/23 23:00:00,A,EMP_LFS,F,Y15-64,THS_PER,PL,2016,7077,
ESTAT:LFSI_EMP_A(1.0),20/06/23 23:00:00,A,EMP_LFS,F,Y15-64,THS_PER,PL,2017,7168,
ESTAT:LFSI_EMP_A(1.0),20/06/23 23:00:00,A,EMP_LFS,F,Y15-64,THS_PER,PL,2018,7225,
ESTAT:LFSI_EMP_A(1.0),20/06/23 23:00:00,A,EMP_LFS,F,Y15-64,THS_PER,PL,2019,7165,
ESTAT:LFSI_EMP_A(1.0),20/06/23 23:00:00,A,EMP_LFS,F,Y15-64,THS_PER,PL,2020,7121,
ESTAT:LFSI_EMP_A(1.0),20/06/23 23:00:00,A,EMP_LFS,F,Y15-64,THS_PER,PL,2021,7368,
ESTAT:LFSI_EMP_A(1.0),20/06/23 23:00:00,A,EMP_LFS,F,Y15-64,THS_PER,PL,2022,7467,
ESTAT:LFSI_EMP_A(1.0),20/06/23 23:00:00,A,EMP_LFS,F,Y15-64,THS_PER,PT,2009,2088,
ESTAT:LFSI_EMP_A(1.0),20/06/23 23:00:00,A,EMP_LFS,F,Y15-64,THS_PER,PT,2010,2075,
ESTAT:LFSI_EMP_A(1.0),20/06/23 23:00:00,A,EMP_LFS,F,Y15-64,THS_PER,PT,2011,2073,
ESTAT:LFSI_EMP_A(1.0),20/06/23 23:00:00,A,EMP_LFS,F,Y15-64,THS_PER,PT,2012,2007,
ESTAT:LFSI_EMP_A(1.0),20/06/23 23:00:00,A,EMP_LFS,F,Y15-64,THS_PER,PT,2013,1982,
ESTAT:LFSI_EMP_A(1.0),20/06/23 23:00:00,A,EMP_LFS,F,Y15-64,THS_PER,PT,2014,2048,
ESTAT:LFSI_EMP_A(1.0),20/06/23 23:00:00,A,EMP_LFS,F,Y15-64,THS_PER,PT,2015,2093,
ESTAT:LFSI_EMP_A(1.0),20/06/23 23:00:00,A,EMP_LFS,F,Y15-64,THS_PER,PT,2016,2132,
ESTAT:LFSI_EMP_A(1.0),20/06/23 23:00:00,A,EMP_LFS,F,Y15-64,THS_PER,PT,2017,2204,
ESTAT:LFSI_EMP_A(1.0),20/06/23 23:00:00,A,EMP_LFS,F,Y15-64,THS_PER,PT,2018,2270,
ESTAT:LFSI_EMP_A(1.0),20/06/23 23:00:00,A,EMP_LFS,F,Y15-64,THS_PER,PT,2019,2292,
ESTAT:LFSI_EMP_A(1.0),20/06/23 23:00:00,A,EMP_LFS,F,Y15-64,THS_PER,PT,2020,2269,
ESTAT:LFSI_EMP_A(1.0),20/06/23 23:00:00,A,EMP_LFS,F,Y15-64,THS_PER,PT,2021,2309,
ESTAT:LFSI_EMP_A(1.0),20/06/23 23:00:00,A,EMP_LFS,F,Y15-64,THS_PER,PT,2022,2359,
ESTAT:LFSI_EMP_A(1.0),20/06/23 23:00:00,A,EMP_LFS,F,Y15-64,THS_PER,RO,2009,3124,
ESTAT:LFSI_EMP_A(1.0),20/06/23 23:00:00,A,EMP_LFS,F,Y15-64,THS_PER,RO,2010,3035,
ESTAT:LFSI_EMP_A(1.0),20/06/23 23:00:00,A,EMP_LFS,F,Y15-64,THS_PER,RO,2011,3032,
ESTAT:LFSI_EMP_A(1.0),20/06/23 23:00:00,A,EMP_LFS,F,Y15-64,THS_PER,RO,2012,3043,
ESTAT:LFSI_EMP_A(1.0),20/06/23 23:00:00,A,EMP_LFS,F,Y15-64,THS_PER,RO,2013,3023,
ESTAT:LFSI_EMP_A(1.0),20/06/23 23:00:00,A,EMP_LFS,F,Y15-64,THS_PER,RO,2014,3058,
ESTAT:LFSI_EMP_A(1.0),20/06/23 23:00:00,A,EMP_LFS,F,Y15-64,THS_PER,RO,2015,3091,
ESTAT:LFSI_EMP_A(1.0),20/06/23 23:00:00,A,EMP_LFS,F,Y15-64,THS_PER,RO,2016,3121,
ESTAT:LFSI_EMP_A(1.0),20/06/23 23:00:00,A,EMP_LFS,F,Y15-64,THS_PER,RO,2017,3239,
ESTAT:LFSI_EMP_A(1.0),20/06/23 23:00:00,A,EMP_LFS,F,Y15-64,THS_PER,RO,2018,3215,
ESTAT:LFSI_EMP_A(1.0),20/06/23 23:00:00,A,EMP_LFS,F,Y15-64,THS_PER,RO,2019,3226,
ESTAT:LFSI_EMP_A(1.0),20/06/23 23:00:00,A,EMP_LFS,F,Y15-64,THS_PER,RO,2020,3173,
ESTAT:LFSI_EMP_A(1.0),20/06/23 23:00:00,A,EMP_LFS,F,Y15-64,THS_PER,RO,2021,3201,
ESTAT:LFSI_EMP_A(1.0),20/06/23 23:00:00,A,EMP_LFS,F,Y15-64,THS_PER,RO,2022,3282,
ESTAT:LFSI_EMP_A(1.0),20/06/23 23:00:00,A,EMP_LFS,F,Y15-64,THS_PER,RS,2009,,
ESTAT:LFSI_EMP_A(1.0),20/06/23 23:00:00,A,EMP_LFS,F,Y15-64,THS_PER,RS,2010,993,
ESTAT:LFSI_EMP_A(1.0),20/06/23 23:00:00,A,EMP_LFS,F,Y15-64,THS_PER,RS,2011,932,
ESTAT:LFSI_EMP_A(1.0),20/06/23 23:00:00,A,EMP_LFS,F,Y15-64,THS_PER,RS,2012,918,
ESTAT:LFSI_EMP_A(1.0),20/06/23 23:00:00,A,EMP_LFS,F,Y15-64,THS_PER,RS,2013,953,
ESTAT:LFSI_EMP_A(1.0),20/06/23 23:00:00,A,EMP_LFS,F,Y15-64,THS_PER,RS,2014,1022,
ESTAT:LFSI_EMP_A(1.0),20/06/23 23:00:00,A,EMP_LFS,F,Y15-64,THS_PER,RS,2015,1033,
ESTAT:LFSI_EMP_A(1.0),20/06/23 23:00:00,A,EMP_LFS,F,Y15-64,THS_PER,RS,2016,1097,
ESTAT:LFSI_EMP_A(1.0),20/06/23 23:00:00,A,EMP_LFS,F,Y15-64,THS_PER,RS,2017,1136,
ESTAT:LFSI_EMP_A(1.0),20/06/23 23:00:00,A,EMP_LFS,F,Y15-64,THS_PER,RS,2018,1149,
ESTAT:LFSI_EMP_A(1.0),20/06/23 23:00:00,A,EMP_LFS,F,Y15-64,THS_PER,RS,2019,1181,
ESTAT:LFSI_EMP_A(1.0),20/06/23 23:00:00,A,EMP_LFS,F,Y15-64,THS_PER,RS,2020,1178,
ESTAT:LFSI_EMP_A(1.0),20/06/23 23:00:00,A,EMP_LFS,F,Y15-64,THS_PER,RS,2021,1211,
ESTAT:LFSI_EMP_A(1.0),20/06/23 23:00:00,A,EMP_LFS,F,Y15-64,THS_PER,RS,2022,1253,
ESTAT:LFSI_EMP_A(1.0),20/06/23 23:00:00,A,EMP_LFS,F,Y15-64,THS_PER,SE,2009,2073,
ESTAT:LFSI_EMP_A(1.0),20/06/23 23:00:00,A,EMP_LFS,F,Y15-64,THS_PER,SE,2010,2065,
ESTAT:LFSI_EMP_A(1.0),20/06/23 23:00:00,A,EMP_LFS,F,Y15-64,THS_PER,SE,2011,2116,
ESTAT:LFSI_EMP_A(1.0),20/06/23 23:00:00,A,EMP_LFS,F,Y15-64,THS_PER,SE,2012,2132,
ESTAT:LFSI_EMP_A(1.0),20/06/23 23:00:00,A,EMP_LFS,F,Y15-64,THS_PER,SE,2013,2154,
ESTAT:LFSI_EMP_A(1.0),20/06/23 23:00:00,A,EMP_LFS,F,Y15-64,THS_PER,SE,2014,2179,
ESTAT:LFSI_EMP_A(1.0),20/06/23 23:00:00,A,EMP_LFS,F,Y15-64,THS_PER,SE,2015,2212,
ESTAT:LFSI_EMP_A(1.0),20/06/23 23:00:00,A,EMP_LFS,F,Y15-64,THS_PER,SE,2016,2250,
ESTAT:LFSI_EMP_A(1.0),20/06/23 23:00:00,A,EMP_LFS,F,Y15-64,THS_PER,SE,2017,2290,
ESTAT:LFSI_EMP_A(1.0),20/06/23 23:00:00,A,EMP_LFS,F,Y15-64,THS_PER,SE,2018,2324,b
ESTAT:LFSI_EMP_A(1.0),20/06/23 23:00:00,A,EMP_LFS,F,Y15-64,THS_PER,SE,2019,2327,
ESTAT:LFSI_EMP_A(1.0),20/06/23 23:00:00,A,EMP_LFS,F,Y15-64,THS_PER,SE,2020,2280,
ESTAT:LFSI_EMP_A(1.0),20/06/23 23:00:00,A,EMP_LFS,F,Y15-64,THS_PER,SE,2021,2306,
ESTAT:LFSI_EMP_A(1.0),20/06/23 23:00:00,A,EMP_LFS,F,Y15-64,THS_PER,SE,2022,2362,
ESTAT:LFSI_EMP_A(1.0),20/06/23 23:00:00,A,EMP_LFS,F,Y15-64,THS_PER,SI,2009,436,
ESTAT:LFSI_EMP_A(1.0),20/06/23 23:00:00,A,EMP_LFS,F,Y15-64,THS_PER,SI,2010,429,
ESTAT:LFSI_EMP_A(1.0),20/06/23 23:00:00,A,EMP_LFS,F,Y15-64,THS_PER,SI,2011,417,
ESTAT:LFSI_EMP_A(1.0),20/06/23 23:00:00,A,EMP_LFS,F,Y15-64,THS_PER,SI,2012,414,
ESTAT:LFSI_EMP_A(1.0),20/06/23 23:00:00,A,EMP_LFS,F,Y15-64,THS_PER,SI,2013,401,
ESTAT:LFSI_EMP_A(1.0),20/06/23 23:00:00,A,EMP_LFS,F,Y15-64,THS_PER,SI,2014,404,
ESTAT:LFSI_EMP_A(1.0),20/06/23 23:00:00,A,EMP_LFS,F,Y15-64,THS_PER,SI,2015,407,
ESTAT:LFSI_EMP_A(1.0),20/06/23 23:00:00,A,EMP_LFS,F,Y15-64,THS_PER,SI,2016,416,
ESTAT:LFSI_EMP_A(1.0),20/06/23 23:00:00,A,EMP_LFS,F,Y15-64,THS_PER,SI,2017,434,
ESTAT:LFSI_EMP_A(1.0),20/06/23 23:00:00,A,EMP_LFS,F,Y15-64,THS_PER,SI,2018,440,
ESTAT:LFSI_EMP_A(1.0),20/06/23 23:00:00,A,EMP_LFS,F,Y15-64,THS_PER,SI,2019,443,
ESTAT:LFSI_EMP_A(1.0),20/06/23 23:00:00,A,EMP_LFS,F,Y15-64,THS_PER,SI,2020,438,
ESTAT:LFSI_EMP_A(1.0),20/06/23 23:00:00,A,EMP_LFS,F,Y15-64,THS_PER,SI,2021,437,
ESTAT:LFSI_EMP_A(1.0),20/06/23 23:00:00,A,EMP_LFS,F,Y15-64,THS_PER,SI,2022,443,
ESTAT:LFSI_EMP_A(1.0),20/06/23 23:00:00,A,EMP_LFS,F,Y15-64,THS_PER,SK,2009,1108,
ESTAT:LFSI_EMP_A(1.0),20/06/23 23:00:00,A,EMP_LFS,F,Y15-64,THS_PER,SK,2010,1101,
ESTAT:LFSI_EMP_A(1.0),20/06/23 23:00:00,A,EMP_LFS,F,Y15-64,THS_PER,SK,2011,1090,b
ESTAT:LFSI_EMP_A(1.0),20/06/23 23:00:00,A,EMP_LFS,F,Y15-64,THS_PER,SK,2012,1093,
ESTAT:LFSI_EMP_A(1.0),20/06/23 23:00:00,A,EMP_LFS,F,Y15-64,THS_PER,SK,2013,1102,
ESTAT:LFSI_EMP_A(1.0),20/06/23 23:00:00,A,EMP_LFS,F,Y15-64,THS_PER,SK,2014,1115,
ESTAT:LFSI_EMP_A(1.0),20/06/23 23:00:00,A,EMP_LFS,F,Y15-64,THS_PER,SK,2015,1143,
ESTAT:LFSI_EMP_A(1.0),20/06/23 23:00:00,A,EMP_LFS,F,Y15-64,THS_PER,SK,2016,1183,
ESTAT:LFSI_EMP_A(1.0),20/06/23 23:00:00,A,EMP_LFS,F,Y15-64,THS_PER,SK,2017,1212,
ESTAT:LFSI_EMP_A(1.0),20/06/23 23:00:00,A,EMP_LFS,F,Y15-64,THS_PER,SK,2018,1219,
ESTAT:LFSI_EMP_A(1.0),20/06/23 23:00:00,A,EMP_LFS,F,Y15-64,THS_PER,SK,2019,1231,
ESTAT:LFSI_EMP_A(1.0),20/06/23 23:00:00,A,EMP_LFS,F,Y15-64,THS_PER,SK,2020,1207,
ESTAT:LFSI_EMP_A(1.0),20/06/23 23:00:00,A,EMP_LFS,F,Y15-64,THS_PER,SK,2021,1182,
ESTAT:LFSI_EMP_A(1.0),20/06/23 23:00:00,A,EMP_LFS,F,Y15-64,THS_PER,SK,2022,1202,
ESTAT:LFSI_EMP_A(1.0),20/06/23 23:00:00,A,EMP_LFS,F,Y15-64,THS_PER,TR,2009,5706,
ESTAT:LFSI_EMP_A(1.0),20/06/23 23:00:00,A,EMP_LFS,F,Y15-64,THS_PER,TR,2010,6258,
ESTAT:LFSI_EMP_A(1.0),20/06/23 23:00:00,A,EMP_LFS,F,Y15-64,THS_PER,TR,2011,6779,
ESTAT:LFSI_EMP_A(1.0),20/06/23 23:00:00,A,EMP_LFS,F,Y15-64,THS_PER,TR,2012,7117,
ESTAT:LFSI_EMP_A(1.0),20/06/23 23:00:00,A,EMP_LFS,F,Y15-64,THS_PER,TR,2013,7452,
ESTAT:LFSI_EMP_A(1.0),20/06/23 23:00:00,A,EMP_LFS,F,Y15-64,THS_PER,TR,2014,7508,b
ESTAT:LFSI_EMP_A(1.0),20/06/23 23:00:00,A,EMP_LFS,F,Y15-64,THS_PER,TR,2015,7836,
ESTAT:LFSI_EMP_A(1.0),20/06/23 23:00:00,A,EMP_LFS,F,Y15-64,THS_PER,TR,2016,8118,
ESTAT:LFSI_EMP_A(1.0),20/06/23 23:00:00,A,EMP_LFS,F,Y15-64,THS_PER,TR,2017,8523,
ESTAT:LFSI_EMP_A(1.0),20/06/23 23:00:00,A,EMP_LFS,F,Y15-64,THS_PER,TR,2018,8791,
ESTAT:LFSI_EMP_A(1.0),20/06/23 23:00:00,A,EMP_LFS,F,Y15-64,THS_PER,TR,2019,8694,
ESTAT:LFSI_EMP_A(1.0),20/06/23 23:00:00,A,EMP_LFS,F,Y15-64,THS_PER,TR,2020,8108,
ESTAT:LFSI_EMP_A(1.0),20/06/23 23:00:00,A,EMP_LFS,F,Y15-64,THS_PER,TR,2021,,
ESTAT:LFSI_EMP_A(1.0),20/06/23 23:00:00,A,EMP_LFS,F,Y15-64,THS_PER,TR,2022,,
ESTAT:LFSI_EMP_A(1.0),20/06/23 23:00:00,A,EMP_LFS,M,Y15-64,THS_PER,AT,2009,2087,
ESTAT:LFSI_EMP_A(1.0),20/06/23 23:00:00,A,EMP_LFS,M,Y15-64,THS_PER,AT,2010,2103,
ESTAT:LFSI_EMP_A(1.0),20/06/23 23:00:00,A,EMP_LFS,M,Y15-64,THS_PER,AT,2011,2120,
ESTAT:LFSI_EMP_A(1.0),20/06/23 23:00:00,A,EMP_LFS,M,Y15-64,THS_PER,AT,2012,2129,
ESTAT:LFSI_EMP_A(1.0),20/06/23 23:00:00,A,EMP_LFS,M,Y15-64,THS_PER,AT,2013,2133,
ESTAT:LFSI_EMP_A(1.0),20/06/23 23:00:00,A,EMP_LFS,M,Y15-64,THS_PER,AT,2014,2126,
ESTAT:LFSI_EMP_A(1.0),20/06/23 23:00:00,A,EMP_LFS,M,Y15-64,THS_PER,AT,2015,2145,
ESTAT:LFSI_EMP_A(1.0),20/06/23 23:00:00,A,EMP_LFS,M,Y15-64,THS_PER,AT,2016,2187,
ESTAT:LFSI_EMP_A(1.0),20/06/23 23:00:00,A,EMP_LFS,M,Y15-64,THS_PER,AT,2017,2209,
ESTAT:LFSI_EMP_A(1.0),20/06/23 23:00:00,A,EMP_LFS,M,Y15-64,THS_PER,AT,2018,2248,
ESTAT:LFSI_EMP_A(1.0),20/06/23 23:00:00,A,EMP_LFS,M,Y15-64,THS_PER,AT,2019,2267,
ESTAT:LFSI_EMP_A(1.0),20/06/23 23:00:00,A,EMP_LFS,M,Y15-64,THS_PER,AT,2020,2219,
ESTAT:LFSI_EMP_A(1.0),20/06/23 23:00:00,A,EMP_LFS,M,Y15-64,THS_PER,AT,2021,2243,
ESTAT:LFSI_EMP_A(1.0),20/06/23 23:00:00,A,EMP_LFS,M,Y15-64,THS_PER,AT,2022,2299,
ESTAT:LFSI_EMP_A(1.0),20/06/23 23:00:00,A,EMP_LFS,M,Y15-64,THS_PER,BE,2009,2406,
ESTAT:LFSI_EMP_A(1.0),20/06/23 23:00:00,A,EMP_LFS,M,Y15-64,THS_PER,BE,2010,2433,
ESTAT:LFSI_EMP_A(1.0),20/06/23 23:00:00,A,EMP_LFS,M,Y15-64,THS_PER,BE,2011,2435,
ESTAT:LFSI_EMP_A(1.0),20/06/23 23:00:00,A,EMP_LFS,M,Y15-64,THS_PER,BE,2012,2433,
ESTAT:LFSI_EMP_A(1.0),20/06/23 23:00:00,A,EMP_LFS,M,Y15-64,THS_PER,BE,2013,2420,
ESTAT:LFSI_EMP_A(1.0),20/06/23 23:00:00,A,EMP_LFS,M,Y15-64,THS_PER,BE,2014,2402,
ESTAT:LFSI_EMP_A(1.0),20/06/23 23:00:00,A,EMP_LFS,M,Y15-64,THS_PER,BE,2015,2397,
ESTAT:LFSI_EMP_A(1.0),20/06/23 23:00:00,A,EMP_LFS,M,Y15-64,THS_PER,BE,2016,2433,
ESTAT:LFSI_EMP_A(1.0),20/06/23 23:00:00,A,EMP_LFS,M,Y15-64,THS_PER,BE,2017,2461,b
ESTAT:LFSI_EMP_A(1.0),20/06/23 23:00:00,A,EMP_LFS,M,Y15-64,THS_PER,BE,2018,2495,
ESTAT:LFSI_EMP_A(1.0),20/06/23 23:00:00,A,EMP_LFS,M,Y15-64,THS_PER,BE,2019,2526,
ESTAT:LFSI_EMP_A(1.0),20/06/23 23:00:00,A,EMP_LFS,M,Y15-64,THS_PER,BE,2020,2503,
ESTAT:LFSI_EMP_A(1.0),20/06/23 23:00:00,A,EMP_LFS,M,Y15-64,THS_PER,BE,2021,2536,
ESTAT:LFSI_EMP_A(1.0),20/06/23 23:00:00,A,EMP_LFS,M,Y15-64,THS_PER,BE,2022,2590,
ESTAT:LFSI_EMP_A(1.0),20/06/23 23:00:00,A,EMP_LFS,M,Y15-64,THS_PER,BG,2009,1677,
ESTAT:LFSI_EMP_A(1.0),20/06/23 23:00:00,A,EMP_LFS,M,Y15-64,THS_PER,BG,2010,1593,b
ESTAT:LFSI_EMP_A(1.0),20/06/23 23:00:00,A,EMP_LFS,M,Y15-64,THS_PER,BG,2011,1521,b
ESTAT:LFSI_EMP_A(1.0),20/06/23 23:00:00,A,EMP_LFS,M,Y15-64,THS_PER,BG,2012,1498,
ESTAT:LFSI_EMP_A(1.0),20/06/23 23:00:00,A,EMP_LFS,M,Y15-64,THS_PER,BG,2013,1499,
ESTAT:LFSI_EMP_A(1.0),20/06/23 23:00:00,A,EMP_LFS,M,Y15-64,THS_PER,BG,2014,1524,
ESTAT:LFSI_EMP_A(1.0),20/06/23 23:00:00,A,EMP_LFS,M,Y15-64,THS_PER,BG,2015,1552,
ESTAT:LFSI_EMP_A(1.0),20/06/23 23:00:00,A,EMP_LFS,M,Y15-64,THS_PER,BG,2016,1549,
ESTAT:LFSI_EMP_A(1.0),20/06/23 23:00:00,A,EMP_LFS,M,Y15-64,THS_PER,BG,2017,1618,
ESTAT:LFSI_EMP_A(1.0),20/06/23 23:00:00,A,EMP_LFS,M,Y15-64,THS_PER,BG,2018,1616,
ESTAT:LFSI_EMP_A(1.0),20/06/23 23:00:00,A,EMP_LFS,M,Y15-64,THS_PER,BG,2019,1653,
ESTAT:LFSI_EMP_A(1.0),20/06/23 23:00:00,A,EMP_LFS,M,Y15-64,THS_PER,BG,2020,1598,
ESTAT:LFSI_EMP_A(1.0),20/06/23 23:00:00,A,EMP_LFS,M,Y15-64,THS_PER,BG,2021,1595,
ESTAT:LFSI_EMP_A(1.0),20/06/23 23:00:00,A,EMP_LFS,M,Y15-64,THS_PER,BG,2022,1622,
ESTAT:LFSI_EMP_A(1.0),20/06/23 23:00:00,A,EMP_LFS,M,Y15-64,THS_PER,CH,2009,,
ESTAT:LFSI_EMP_A(1.0),20/06/23 23:00:00,A,EMP_LFS,M,Y15-64,THS_PER,CH,2010,2215,b
ESTAT:LFSI_EMP_A(1.0),20/06/23 23:00:00,A,EMP_LFS,M,Y15-64,THS_PER,CH,2011,2253,
ESTAT:LFSI_EMP_A(1.0),20/06/23 23:00:00,A,EMP_LFS,M,Y15-64,THS_PER,CH,2012,2270,
ESTAT:LFSI_EMP_A(1.0),20/06/23 23:00:00,A,EMP_LFS,M,Y15-64,THS_PER,CH,2013,2280,
ESTAT:LFSI_EMP_A(1.0),20/06/23 23:00:00,A,EMP_LFS,M,Y15-64,THS_PER,CH,2014,2300,
ESTAT:LFSI_EMP_A(1.0),20/06/23 23:00:00,A,EMP_LFS,M,Y15-64,THS_PER,CH,2015,2329,
ESTAT:LFSI_EMP_A(1.0),20/06/23 23:00:00,A,EMP_LFS,M,Y15-64,THS_PER,CH,2016,2349,
ESTAT:LFSI_EMP_A(1.0),20/06/23 23:00:00,A,EMP_LFS,M,Y15-64,THS_PER,CH,2017,2376,
ESTAT:LFSI_EMP_A(1.0),20/06/23 23:00:00,A,EMP_LFS,M,Y15-64,THS_PER,CH,2018,2390,
ESTAT:LFSI_EMP_A(1.0),20/06/23 23:00:00,A,EMP_LFS,M,Y15-64,THS_PER,CH,2019,2402,
ESTAT:LFSI_EMP_A(1.0),20/06/23 23:00:00,A,EMP_LFS,M,Y15-64,THS_PER,CH,2020,2395,
ESTAT:LFSI_EMP_A(1.0),20/06/23 23:00:00,A,EMP_LFS,M,Y15-64,THS_PER,CH,2021,2387,
ESTAT:LFSI_EMP_A(1.0),20/06/23 23:00:00,A,EMP_LFS,M,Y15-64,THS_PER,CH,2022,2410,
ESTAT:LFSI_EMP_A(1.0),20/06/23 23:00:00,A,EMP_LFS,M,Y15-64,THS_PER,CY,2009,196,
ESTAT:LFSI_EMP_A(1.0),20/06/23 23:00:00,A,EMP_LFS,M,Y15-64,THS_PER,CY,2010,199,
ESTAT:LFSI_EMP_A(1.0),20/06/23 23:00:00,A,EMP_LFS,M,Y15-64,THS_PER,CY,2011,200,
ESTAT:LFSI_EMP_A(1.0),20/06/23 23:00:00,A,EMP_LFS,M,Y15-64,THS_PER,CY,2012,194,
ESTAT:LFSI_EMP_A(1.0),20/06/23 23:00:00,A,EMP_LFS,M,Y15-64,THS_PER,CY,2013,184,
ESTAT:LFSI_EMP_A(1.0),20/06/23 23:00:00,A,EMP_LFS,M,Y15-64,THS_PER,CY,2014,180,
ESTAT:LFSI_EMP_A(1.0),20/06/23 23:00:00,A,EMP_LFS,M,Y15-64,THS_PER,CY,2015,178,
ESTAT:LFSI_EMP_A(1.0),20/06/23 23:00:00,A,EMP_LFS,M,Y15-64,THS_PER,CY,2016,182,
ESTAT:LFSI_EMP_A(1.0),20/06/23 23:00:00,A,EMP_LFS,M,Y15-64,THS_PER,CY,2017,191,
ESTAT:LFSI_EMP_A(1.0),20/06/23 23:00:00,A,EMP_LFS,M,Y15-64,THS_PER,CY,2018,201,
ESTAT:LFSI_EMP_A(1.0),20/06/23 23:00:00,A,EMP_LFS,M,Y15-64,THS_PER,CY,2019,211,
ESTAT:LFSI_EMP_A(1.0),20/06/23 23:00:00,A,EMP_LFS,M,Y15-64,THS_PER,CY,2020,213,
ESTAT:LFSI_EMP_A(1.0),20/06/23 23:00:00,A,EMP_LFS,M,Y15-64,THS_PER,CY,2021,218,
ESTAT:LFSI_EMP_A(1.0),20/06/23 23:00:00,A,EMP_LFS,M,Y15-64,THS_PER,CY,2022,226,
ESTAT:LFSI_EMP_A(1.0),20/06/23 23:00:00,A,EMP_LFS,M,Y15-64,THS_PER,CZ,2009,2777,
ESTAT:LFSI_EMP_A(1.0),20/06/23 23:00:00,A,EMP_LFS,M,Y15-64,THS_PER,CZ,2010,2753,
ESTAT:LFSI_EMP_A(1.0),20/06/23 23:00:00,A,EMP_LFS,M,Y15-64,THS_PER,CZ,2011,2733,b
ESTAT:LFSI_EMP_A(1.0),20/06/23 23:00:00,A,EMP_LFS,M,Y15-64,THS_PER,CZ,2012,2732,
ESTAT:LFSI_EMP_A(1.0),20/06/23 23:00:00,A,EMP_LFS,M,Y15-64,THS_PER,CZ,2013,2742,
ESTAT:LFSI_EMP_A(1.0),20/06/23 23:00:00,A,EMP_LFS,M,Y15-64,THS_PER,CZ,2014,2764,
ESTAT:LFSI_EMP_A(1.0),20/06/23 23:00:00,A,EMP_LFS,M,Y15-64,THS_PER,CZ,2015,2775,
ESTAT:LFSI_EMP_A(1.0),20/06/23 23:00:00,A,EMP_LFS,M,Y15-64,THS_PER,CZ,2016,2806,
ESTAT:LFSI_EMP_A(1.0),20/06/23 23:00:00,A,EMP_LFS,M,Y15-64,THS_PER,CZ,2017,2843,
ESTAT:LFSI_EMP_A(1.0),20/06/23 23:00:00,A,EMP_LFS,M,Y15-64,THS_PER,CZ,2018,2862,
ESTAT:LFSI_EMP_A(1.0),20/06/23 23:00:00,A,EMP_LFS,M,Y15-64,THS_PER,CZ,2019,2863,
ESTAT:LFSI_EMP_A(1.0),20/06/23 23:00:00,A,EMP_LFS,M,Y15-64,THS_PER,CZ,2020,2842,
ESTAT:LFSI_EMP_A(1.0),20/06/23 23:00:00,A,EMP_LFS,M,Y15-64,THS_PER,CZ,2021,2830,
ESTAT:LFSI_EMP_A(1.0),20/06/23 23:00:00,A,EMP_LFS,M,Y15-64,THS_PER,CZ,2022,2798,
ESTAT:LFSI_EMP_A(1.0),20/06/23 23:00:00,A,EMP_LFS,M,Y15-64,THS_PER,DE,2009,20132,
ESTAT:LFSI_EMP_A(1.0),20/06/23 23:00:00,A,EMP_LFS,M,Y15-64,THS_PER,DE,2010,19755,b
ESTAT:LFSI_EMP_A(1.0),20/06/23 23:00:00,A,EMP_LFS,M,Y15-64,THS_PER,DE,2011,20069,b
ESTAT:LFSI_EMP_A(1.0),20/06/23 23:00:00,A,EMP_LFS,M,Y15-64,THS_PER,DE,2012,20241,
ESTAT:LFSI_EMP_A(1.0),20/06/23 23:00:00,A,EMP_LFS,M,Y15-64,THS_PER,DE,2013,20312,
ESTAT:LFSI_EMP_A(1.0),20/06/23 23:00:00,A,EMP_LFS,M,Y15-64,THS_PER,DE,2014,20424,
ESTAT:LFSI_EMP_A(1.0),20/06/23 23:00:00,A,EMP_LFS,M,Y15-64,THS_PER,DE,2015,20533,
ESTAT:LFSI_EMP_A(1.0),20/06/23 23:00:00,A,EMP_LFS,M,Y15-64,THS_PER,DE,2016,21092,
ESTAT:LFSI_EMP_A(1.0),20/06/23 23:00:00,A,EMP_LFS,M,Y15-64,THS_PER,DE,2017,21267,
ESTAT:LFSI_EMP_A(1.0),20/06/23 23:00:00,A,EMP_LFS,M,Y15-64,THS_PER,DE,2018,21321,
ESTAT:LFSI_EMP_A(1.0),20/06/23 23:00:00,A,EMP_LFS,M,Y15-64,THS_PER,DE,2019,21517,
ESTAT:LFSI_EMP_A(1.0),20/06/23 23:00:00,A,EMP_LFS,M,Y15-64,THS_PER,DE,2020,21005,b
ESTAT:LFSI_EMP_A(1.0),20/06/23 23:00:00,A,EMP_LFS,M,Y15-64,THS_PER,DE,2021,21239,
ESTAT:LFSI_EMP_A(1.0),20/06/23 23:00:00,A,EMP_LFS,M,Y15-64,THS_PER,DE,2022,21712,
ESTAT:LFSI_EMP_A(1.0),20/06/23 23:00:00,A,EMP_LFS,M,Y15-64,THS_PER,DK,2009,1388,
ESTAT:LFSI_EMP_A(1.0),20/06/23 23:00:00,A,EMP_LFS,M,Y15-64,THS_PER,DK,2010,1351,
ESTAT:LFSI_EMP_A(1.0),20/06/23 23:00:00,A,EMP_LFS,M,Y15-64,THS_PER,DK,2011,1354,
ESTAT:LFSI_EMP_A(1.0),20/06/23 23:00:00,A,EMP_LFS,M,Y15-64,THS_PER,DK,2012,1338,
ESTAT:LFSI_EMP_A(1.0),20/06/23 23:00:00,A,EMP_LFS,M,Y15-64,THS_PER,DK,2013,1333,
ESTAT:LFSI_EMP_A(1.0),20/06/23 23:00:00,A,EMP_LFS,M,Y15-64,THS_PER,DK,2014,1354,
ESTAT:LFSI_EMP_A(1.0),20/06/23 23:00:00,A,EMP_LFS,M,Y15-64,THS_PER,DK,2015,1382,
ESTAT:LFSI_EMP_A(1.0),20/06/23 23:00:00,A,EMP_LFS,M,Y15-64,THS_PER,DK,2016,1400,b
ESTAT:LFSI_EMP_A(1.0),20/06/23 23:00:00,A,EMP_LFS,M,Y15-64,THS_PER,DK,2017,1414,b
ESTAT:LFSI_EMP_A(1.0),20/06/23 23:00:00,A,EMP_LFS,M,Y15-64,THS_PER,DK,2018,1436,
ESTAT:LFSI_EMP_A(1.0),20/06/23 23:00:00,A,EMP_LFS,M,Y15-64,THS_PER,DK,2019,1459,
ESTAT:LFSI_EMP_A(1.0),20/06/23 23:00:00,A,EMP_LFS,M,Y15-64,THS_PER,DK,2020,1444,
ESTAT:LFSI_EMP_A(1.0),20/06/23 23:00:00,A,EMP_LFS,M,Y15-64,THS_PER,DK,2021,1458,
ESTAT:LFSI_EMP_A(1.0),20/06/23 23:00:00,A,EMP_LFS,M,Y15-64,THS_PER,DK,2022,1486,
ESTAT:LFSI_EMP_A(1.0),20/06/23 23:00:00,A,EMP_LFS,M,Y15-64,THS_PER,EE,2009,282,
ESTAT:LFSI_EMP_A(1.0),20/06/23 23:00:00,A,EMP_LFS,M,Y15-64,THS_PER,EE,2010,270,
ESTAT:LFSI_EMP_A(1.0),20/06/23 23:00:00,A,EMP_LFS,M,Y15-64,THS_PER,EE,2011,295,
ESTAT:LFSI_EMP_A(1.0),20/06/23 23:00:00,A,EMP_LFS,M,Y15-64,THS_PER,EE,2012,300,
ESTAT:LFSI_EMP_A(1.0),20/06/23 23:00:00,A,EMP_LFS,M,Y15-64,THS_PER,EE,2013,305,
ESTAT:LFSI_EMP_A(1.0),20/06/23 23:00:00,A,EMP_LFS,M,Y15-64,THS_PER,EE,2014,309,
ESTAT:LFSI_EMP_A(1.0),20/06/23 23:00:00,A,EMP_LFS,M,Y15-64,THS_PER,EE,2015,312,
ESTAT:LFSI_EMP_A(1.0),20/06/23 23:00:00,A,EMP_LFS,M,Y15-64,THS_PER,EE,2016,313,
ESTAT:LFSI_EMP_A(1.0),20/06/23 23:00:00,A,EMP_LFS,M,Y15-64,THS_PER,EE,2017,317,
ESTAT:LFSI_EMP_A(1.0),20/06/23 23:00:00,A,EMP_LFS,M,Y15-64,THS_PER,EE,2018,322,
ESTAT:LFSI_EMP_A(1.0),20/06/23 23:00:00,A,EMP_LFS,M,Y15-64,THS_PER,EE,2019,325,
ESTAT:LFSI_EMP_A(1.0),20/06/23 23:00:00,A,EMP_LFS,M,Y15-64,THS_PER,EE,2020,317,
ESTAT:LFSI_EMP_A(1.0),20/06/23 23:00:00,A,EMP_LFS,M,Y15-64,THS_PER,EE,2021,316,
ESTAT:LFSI_EMP_A(1.0),20/06/23 23:00:00,A,EMP_LFS,M,Y15-64,THS_PER,EE,2022,325,
ESTAT:LFSI_EMP_A(1.0),20/06/23 23:00:00,A,EMP_LFS,M,Y15-64,THS_PER,EL,2009,2665,
ESTAT:LFSI_EMP_A(1.0),20/06/23 23:00:00,A,EMP_LFS,M,Y15-64,THS_PER,EL,2010,2545,
ESTAT:LFSI_EMP_A(1.0),20/06/23 23:00:00,A,EMP_LFS,M,Y15-64,THS_PER,EL,2011,2339,
ESTAT:LFSI_EMP_A(1.0),20/06/23 23:00:00,A,EMP_LFS,M,Y15-64,THS_PER,EL,2012,2118,
ESTAT:LFSI_EMP_A(1.0),20/06/23 23:00:00,A,EMP_LFS,M,Y15-64,THS_PER,EL,2013,2021,
ESTAT:LFSI_EMP_A(1.0),20/06/23 23:00:00,A,EMP_LFS,M,Y15-64,THS_PER,EL,2014,2018,
ESTAT:LFSI_EMP_A(1.0),20/06/23 23:00:00,A,EMP_LFS,M,Y15-64,THS_PER,EL,2015,2057,
ESTAT:LFSI_EMP_A(1.0),20/06/23 23:00:00,A,EMP_LFS,M,Y15-64,THS_PER,EL,2016,2091,
ESTAT:LFSI_EMP_A(1.0),20/06/23 23:00:00,A,EMP_LFS,M,Y15-64,THS_PER,EL,2017,2137,
ESTAT:LFSI_EMP_A(1.0),20/06/23 23:00:00,A,EMP_LFS,M,Y15-64,THS_PER,EL,2018,2186,
ESTAT:LFSI_EMP_A(1.0),20/06/23 23:00:00,A,EMP_LFS,M,Y15-64,THS_PER,EL,2019,2206,
ESTAT:LFSI_EMP_A(1.0),20/06/23 23:00:00,A,EMP_LFS,M,Y15-64,THS_PER,EL,2020,2091,
ESTAT:LFSI_EMP_A(1.0),20/06/23 23:00:00,A,EMP_LFS,M,Y15-64,THS_PER,EL,2021,2201,
ESTAT:LFSI_EMP_A(1.0),20/06/23 23:00:00,A,EMP_LFS,M,Y15-64,THS_PER,EL,2022,2321,
ESTAT:LFSI_EMP_A(1.0),20/06/23 23:00:00,A,EMP_LFS,M,Y15-64,THS_PER,ES,2009,10643,
ESTAT:LFSI_EMP_A(1.0),20/06/23 23:00:00,A,EMP_LFS,M,Y15-64,THS_PER,ES,2010,10338,
ESTAT:LFSI_EMP_A(1.0),20/06/23 23:00:00,A,EMP_LFS,M,Y15-64,THS_PER,ES,2011,10068,
ESTAT:LFSI_EMP_A(1.0),20/06/23 23:00:00,A,EMP_LFS,M,Y15-64,THS_PER,ES,2012,9520,
ESTAT:LFSI_EMP_A(1.0),20/06/23 23:00:00,A,EMP_LFS,M,Y15-64,THS_PER,ES,2013,9237,
ESTAT:LFSI_EMP_A(1.0),20/06/23 23:00:00,A,EMP_LFS,M,Y15-64,THS_PER,ES,2014,9364,
ESTAT:LFSI_EMP_A(1.0),20/06/23 23:00:00,A,EMP_LFS,M,Y15-64,THS_PER,ES,2015,9676,
ESTAT:LFSI_EMP_A(1.0),20/06/23 23:00:00,A,EMP_LFS,M,Y15-64,THS_PER,ES,2016,9910,
ESTAT:LFSI_EMP_A(1.0),20/06/23 23:00:00,A,EMP_LFS,M,Y15-64,THS_PER,ES,2017,10162,
ESTAT:LFSI_EMP_A(1.0),20/06/23 23:00:00,A,EMP_LFS,M,Y15-64,THS_PER,ES,2018,10420,
ESTAT:LFSI_EMP_A(1.0),20/06/23 23:00:00,A,EMP_LFS,M,Y15-64,THS_PER,ES,2019,10623,
ESTAT:LFSI_EMP_A(1.0),20/06/23 23:00:00,A,EMP_LFS,M,Y15-64,THS_PER,ES,2020,10288,
ESTAT:LFSI_EMP_A(1.0),20/06/23 23:00:00,A,EMP_LFS,M,Y15-64,THS_PER,ES,2021,10492,d
ESTAT:LFSI_EMP_A(1.0),20/06/23 23:00:00,A,EMP_LFS,M,Y15-64,THS_PER,ES,2022,10792,d
ESTAT:LFSI_EMP_A(1.0),20/06/23 23:00:00,A,EMP_LFS,M,Y15-64,THS_PER,FI,2009,1218,
ESTAT:LFSI_EMP_A(1.0),20/06/23 23:00:00,A,EMP_LFS,M,Y15-64,THS_PER,FI,2010,1217,
ESTAT:LFSI_EMP_A(1.0),20/06/23 23:00:00,A,EMP_LFS,M,Y15-64,THS_PER,FI,2011,1234,
ESTAT:LFSI_EMP_A(1.0),20/06/23 23:00:00,A,EMP_LFS,M,Y15-64,THS_PER,FI,2012,1230,
ESTAT:LFSI_EMP_A(1.0),20/06/23 23:00:00,A,EMP_LFS,M,Y15-64,THS_PER,FI,2013,1215,
ESTAT:LFSI_EMP_A(1.0),20/06/23 23:00:00,A,EMP_LFS,M,Y15-64,THS_PER,FI,2014,1202,
ESTAT:LFSI_EMP_A(1.0),20/06/23 23:00:00,A,EMP_LFS,M,Y15-64,THS_PER,FI,2015,1189,
ESTAT:LFSI_EMP_A(1.0),20/06/23 23:00:00,A,EMP_LFS,M,Y15-64,THS_PER,FI,2016,1209,
ESTAT:LFSI_EMP_A(1.0),20/06/23 23:00:00,A,EMP_LFS,M,Y15-64,THS_PER,FI,2017,1224,
ESTAT:LFSI_EMP_A(1.0),20/06/23 23:00:00,A,EMP_LFS,M,Y15-64,THS_PER,FI,2018,1254,
ESTAT:LFSI_EMP_A(1.0),20/06/23 23:00:00,A,EMP_LFS,M,Y15-64,THS_PER,FI,2019,1265,
ESTAT:LFSI_EMP_A(1.0),20/06/23 23:00:00,A,EMP_LFS,M,Y15-64,THS_PER,FI,2020,1251,
ESTAT:LFSI_EMP_A(1.0),20/06/23 23:00:00,A,EMP_LFS,M,Y15-64,THS_PER,FI,2021,1271,
ESTAT:LFSI_EMP_A(1.0),20/06/23 23:00:00,A,EMP_LFS,M,Y15-64,THS_PER,FI,2022,1291,
ESTAT:LFSI_EMP_A(1.0),20/06/23 23:00:00,A,EMP_LFS,M,Y15-64,THS_PER,FR,2009,13649,
ESTAT:LFSI_EMP_A(1.0),20/06/23 23:00:00,A,EMP_LFS,M,Y15-64,THS_PER,FR,2010,13685,
ESTAT:LFSI_EMP_A(1.0),20/06/23 23:00:00,A,EMP_LFS,M,Y15-64,THS_PER,FR,2011,13672,
ESTAT:LFSI_EMP_A(1.0),20/06/23 23:00:00,A,EMP_LFS,M,Y15-64,THS_PER,FR,2012,13625,
ESTAT:LFSI_EMP_A(1.0),20/06/23 23:00:00,A,EMP_LFS,M,Y15-64,THS_PER,FR,2013,13551,
ESTAT:LFSI_EMP_A(1.0),20/06/23 23:00:00,A,EMP_LFS,M,Y15-64,THS_PER,FR,2014,13474,
ESTAT:LFSI_EMP_A(1.0),20/06/23 23:00:00,A,EMP_LFS,M,Y15-64,THS_PER,FR,2015,13447,
ESTAT:LFSI_EMP_A(1.0),20/06/23 23:00:00,A,EMP_LFS,M,Y15-64,THS_PER,FR,2016,13502,
ESTAT:LFSI_EMP_A(1.0),20/06/23 23:00:00,A,EMP_LFS,M,Y15-64,THS_PER,FR,2017,13661,
ESTAT:LFSI_EMP_A(1.0),20/06/23 23:00:00,A,EMP_LFS,M,Y15-64,THS_PER,FR,2018,13756,
ESTAT:LFSI_EMP_A(1.0),20/06/23 23:00:00,A,EMP_LFS,M,Y15-64,THS_PER,FR,2019,13729,
ESTAT:LFSI_EMP_A(1.0),20/06/23 23:00:00,A,EMP_LFS,M,Y15-64,THS_PER,FR,2020,13652,
ESTAT:LFSI_EMP_A(1.0),20/06/23 23:00:00,A,EMP_LFS,M,Y15-64,THS_PER,FR,2021,13911,d
ESTAT:LFSI_EMP_A(1.0),20/06/23 23:00:00,A,EMP_LFS,M,Y15-64,THS_PER,FR,2022,14171,d
ESTAT:LFSI_EMP_A(1.0),20/06/23 23:00:00,A,EMP_LFS,M,Y15-64,THS_PER,HR,2009,936,
ESTAT:LFSI_EMP_A(1.0),20/06/23 23:00:00,A,EMP_LFS,M,Y15-64,THS_PER,HR,2010,899,
ESTAT:LFSI_EMP_A(1.0),20/06/23 23:00:00,A,EMP_LFS,M,Y15-64,THS_PER,HR,2011,872,
ESTAT:LFSI_EMP_A(1.0),20/06/23 23:00:00,A,EMP_LFS,M,Y15-64,THS_PER,HR,2012,835,
ESTAT:LFSI_EMP_A(1.0),20/06/23 23:00:00,A,EMP_LFS,M,Y15-64,THS_PER,HR,2013,803,
ESTAT:LFSI_EMP_A(1.0),20/06/23 23:00:00,A,EMP_LFS,M,Y15-64,THS_PER,HR,2014,836,
ESTAT:LFSI_EMP_A(1.0),20/06/23 23:00:00,A,EMP_LFS,M,Y15-64,THS_PER,HR,2015,840,
ESTAT:LFSI_EMP_A(1.0),20/06/23 23:00:00,A,EMP_LFS,M,Y15-64,THS_PER,HR,2016,845,
ESTAT:LFSI_EMP_A(1.0),20/06/23 23:00:00,A,EMP_LFS,M,Y15-64,THS_PER,HR,2017,868,
ESTAT:LFSI_EMP_A(1.0),20/06/23 23:00:00,A,EMP_LFS,M,Y15-64,THS_PER,HR,2018,879,
ESTAT:LFSI_EMP_A(1.0),20/06/23 23:00:00,A,EMP_LFS,M,Y15-64,THS_PER,HR,2019,891,
ESTAT:LFSI_EMP_A(1.0),20/06/23 23:00:00,A,EMP_LFS,M,Y15-64,THS_PER,HR,2020,883,
ESTAT:LFSI_EMP_A(1.0),20/06/23 23:00:00,A,EMP_LFS,M,Y15-64,THS_PER,HR,2021,887,
ESTAT:LFSI_EMP_A(1.0),20/06/23 23:00:00,A,EMP_LFS,M,Y15-64,THS_PER,HR,2022,895,
ESTAT:LFSI_EMP_A(1.0),20/06/23 23:00:00,A,EMP_LFS,M,Y15-64,THS_PER,HU,2009,2007,
ESTAT:LFSI_EMP_A(1.0),20/06/23 23:00:00,A,EMP_LFS,M,Y15-64,THS_PER,HU,2010,1976,
ESTAT:LFSI_EMP_A(1.0),20/06/23 23:00:00,A,EMP_LFS,M,Y15-64,THS_PER,HU,2011,2002,
ESTAT:LFSI_EMP_A(1.0),20/06/23 23:00:00,A,EMP_LFS,M,Y15-64,THS_PER,HU,2012,2029,
ESTAT:LFSI_EMP_A(1.0),20/06/23 23:00:00,A,EMP_LFS,M,Y15-64,THS_PER,HU,2013,2085,
ESTAT:LFSI_EMP_A(1.0),20/06/23 23:00:00,A,EMP_LFS,M,Y15-64,THS_PER,HU,2014,2203,
ESTAT:LFSI_EMP_A(1.0),20/06/23 23:00:00,A,EMP_LFS,M,Y15-64,THS_PER,HU,2015,2265,
ESTAT:LFSI_EMP_A(1.0),20/06/23 23:00:00,A,EMP_LFS,M,Y15-64,THS_PER,HU,2016,2337,
ESTAT:LFSI_EMP_A(1.0),20/06/23 23:00:00,A,EMP_LFS,M,Y15-64,THS_PER,HU,2017,2390,
ESTAT:LFSI_EMP_A(1.0),20/06/23 23:00:00,A,EMP_LFS,M,Y15-64,THS_PER,HU,2018,2412,
ESTAT:LFSI_EMP_A(1.0),20/06/23 23:00:00,A,EMP_LFS,M,Y15-64,THS_PER,HU,2019,2436,
ESTAT:LFSI_EMP_A(1.0),20/06/23 23:00:00,A,EMP_LFS,M,Y15-64,THS_PER,HU,2020,2416,
ESTAT:LFSI_EMP_A(1.0),20/06/23 23:00:00,A,EMP_LFS,M,Y15-64,THS_PER,HU,2021,2417,
ESTAT:LFSI_EMP_A(1.0),20/06/23 23:00:00,A,EMP_LFS,M,Y15-64,THS_PER,HU,2022,2431,
ESTAT:LFSI_EMP_A(1.0),20/06/23 23:00:00,A,EMP_LFS,M,Y15-64,THS_PER,IE,2009,1059,
ESTAT:LFSI_EMP_A(1.0),20/06/23 23:00:00,A,EMP_LFS,M,Y15-64,THS_PER,IE,2010,999,
ESTAT:LFSI_EMP_A(1.0),20/06/23 23:00:00,A,EMP_LFS,M,Y15-64,THS_PER,IE,2011,975,
ESTAT:LFSI_EMP_A(1.0),20/06/23 23:00:00,A,EMP_LFS,M,Y15-64,THS_PER,IE,2012,967,
ESTAT:LFSI_EMP_A(1.0),20/06/23 23:00:00,A,EMP_LFS,M,Y15-64,THS_PER,IE,2013,1008,
ESTAT:LFSI_EMP_A(1.0),20/06/23 23:00:00,A,EMP_LFS,M,Y15-64,THS_PER,IE,2014,1038,
ESTAT:LFSI_EMP_A(1.0),20/06/23 23:00:00,A,EMP_LFS,M,Y15-64,THS_PER,IE,2015,1072,
ESTAT:LFSI_EMP_A(1.0),20/06/23 23:00:00,A,EMP_LFS,M,Y15-64,THS_PER,IE,2016,1108,
ESTAT:LFSI_EMP_A(1.0),20/06/23 23:00:00,A,EMP_LFS,M,Y15-64,THS_PER,IE,2017,1137,
ESTAT:LFSI_EMP_A(1.0),20/06/23 23:00:00,A,EMP_LFS,M,Y15-64,THS_PER,IE,2018,1166,
ESTAT:LFSI_EMP_A(1.0),20/06/23 23:00:00,A,EMP_LFS,M,Y15-64,THS_PER,IE,2019,1196,
ESTAT:LFSI_EMP_A(1.0),20/06/23 23:00:00,A,EMP_LFS,M,Y15-64,THS_PER,IE,2020,1165,
ESTAT:LFSI_EMP_A(1.0),20/06/23 23:00:00,A,EMP_LFS,M,Y15-64,THS_PER,IE,2021,1206,
ESTAT:LFSI_EMP_A(1.0),20/06/23 23:00:00,A,EMP_LFS,M,Y15-64,THS_PER,IE,2022,1289,
ESTAT:LFSI_EMP_A(1.0),20/06/23 23:00:00,A,EMP_LFS,M,Y15-64,THS_PER,IS,2009,84,
ESTAT:LFSI_EMP_A(1.0),20/06/23 23:00:00,A,EMP_LFS,M,Y15-64,THS_PER,IS,2010,82,
ESTAT:LFSI_EMP_A(1.0),20/06/23 23:00:00,A,EMP_LFS,M,Y15-64,THS_PER,IS,2011,82,
ESTAT:LFSI_EMP_A(1.0),20/06/23 23:00:00,A,EMP_LFS,M,Y15-64,THS_PER,IS,2012,83,
ESTAT:LFSI_EMP_A(1.0),20/06/23 23:00:00,A,EMP_LFS,M,Y15-64,THS_PER,IS,2013,86,
ESTAT:LFSI_EMP_A(1.0),20/06/23 23:00:00,A,EMP_LFS,M,Y15-64,THS_PER,IS,2014,87,
ESTAT:LFSI_EMP_A(1.0),20/06/23 23:00:00,A,EMP_LFS,M,Y15-64,THS_PER,IS,2015,90,
ESTAT:LFSI_EMP_A(1.0),20/06/23 23:00:00,A,EMP_LFS,M,Y15-64,THS_PER,IS,2016,94,
ESTAT:LFSI_EMP_A(1.0),20/06/23 23:00:00,A,EMP_LFS,M,Y15-64,THS_PER,IS,2017,97,
ESTAT:LFSI_EMP_A(1.0),20/06/23 23:00:00,A,EMP_LFS,M,Y15-64,THS_PER,IS,2018,100,
ESTAT:LFSI_EMP_A(1.0),20/06/23 23:00:00,A,EMP_LFS,M,Y15-64,THS_PER,IS,2019,101,
ESTAT:LFSI_EMP_A(1.0),20/06/23 23:00:00,A,EMP_LFS,M,Y15-64,THS_PER,IS,2020,98,b
ESTAT:LFSI_EMP_A(1.0),20/06/23 23:00:00,A,EMP_LFS,M,Y15-64,THS_PER,IS,2021,100,
ESTAT:LFSI_EMP_A(1.0),20/06/23 23:00:00,A,EMP_LFS,M,Y15-64,THS_PER,IS,2022,106,
ESTAT:LFSI_EMP_A(1.0),20/06/23 23:00:00,A,EMP_LFS,M,Y15-64,THS_PER,IT,2009,13114,
ESTAT:LFSI_EMP_A(1.0),20/06/23 23:00:00,A,EMP_LFS,M,Y15-64,THS_PER,IT,2010,12945,
ESTAT:LFSI_EMP_A(1.0),20/06/23 23:00:00,A,EMP_LFS,M,Y15-64,THS_PER,IT,2011,12920,
ESTAT:LFSI_EMP_A(1.0),20/06/23 23:00:00,A,EMP_LFS,M,Y15-64,THS_PER,IT,2012,12687,
ESTAT:LFSI_EMP_A(1.0),20/06/23 23:00:00,A,EMP_LFS,M,Y15-64,THS_PER,IT,2013,12341,
ESTAT:LFSI_EMP_A(1.0),20/06/23 23:00:00,A,EMP_LFS,M,Y15-64,THS_PER,IT,2014,12333,
ESTAT:LFSI_EMP_A(1.0),20/06/23 23:00:00,A,EMP_LFS,M,Y15-64,THS_PER,IT,2015,12483,
ESTAT:LFSI_EMP_A(1.0),20/06/23 23:00:00,A,EMP_LFS,M,Y15-64,THS_PER,IT,2016,12648,
ESTAT:LFSI_EMP_A(1.0),20/06/23 23:00:00,A,EMP_LFS,M,Y15-64,THS_PER,IT,2017,12747,
ESTAT:LFSI_EMP_A(1.0),20/06/23 23:00:00,A,EMP_LFS,M,Y15-64,THS_PER,IT,2018,12843,
ESTAT:LFSI_EMP_A(1.0),20/06/23 23:00:00,A,EMP_LFS,M,Y15-64,THS_PER,IT,2019,12879,
ESTAT:LFSI_EMP_A(1.0),20/06/23 23:00:00,A,EMP_LFS,M,Y15-64,THS_PER,IT,2020,12541,
ESTAT:LFSI_EMP_A(1.0),20/06/23 23:00:00,A,EMP_LFS,M,Y15-64,THS_PER,IT,2021,12559,
ESTAT:LFSI_EMP_A(1.0),20/06/23 23:00:00,A,EMP_LFS,M,Y15-64,THS_PER,IT,2022,12884,
ESTAT:LFSI_EMP_A(1.0),20/06/23 23:00:00,A,EMP_LFS,M,Y15-64,THS_PER,LT,2009,616,
ESTAT:LFSI_EMP_A(1.0),20/06/23 23:00:00,A,EMP_LFS,M,Y15-64,THS_PER,LT,2010,579,
ESTAT:LFSI_EMP_A(1.0),20/06/23 23:00:00,A,EMP_LFS,M,Y15-64,THS_PER,LT,2011,590,
ESTAT:LFSI_EMP_A(1.0),20/06/23 23:00:00,A,EMP_LFS,M,Y15-64,THS_PER,LT,2012,603,
ESTAT:LFSI_EMP_A(1.0),20/06/23 23:00:00,A,EMP_LFS,M,Y15-64,THS_PER,LT,2013,620,
ESTAT:LFSI_EMP_A(1.0),20/06/23 23:00:00,A,EMP_LFS,M,Y15-64,THS_PER,LT,2014,632,
ESTAT:LFSI_EMP_A(1.0),20/06/23 23:00:00,A,EMP_LFS,M,Y15-64,THS_PER,LT,2015,637,
ESTAT:LFSI_EMP_A(1.0),20/06/23 23:00:00,A,EMP_LFS,M,Y15-64,THS_PER,LT,2016,643,
ESTAT:LFSI_EMP_A(1.0),20/06/23 23:00:00,A,EMP_LFS,M,Y15-64,THS_PER,LT,2017,636,
ESTAT:LFSI_EMP_A(1.0),20/06/23 23:00:00,A,EMP_LFS,M,Y15-64,THS_PER,LT,2018,654,
ESTAT:LFSI_EMP_A(1.0),20/06/23 23:00:00,A,EMP_LFS,M,Y15-64,THS_PER,LT,2019,656,
ESTAT:LFSI_EMP_A(1.0),20/06/23 23:00:00,A,EMP_LFS,M,Y15-64,THS_PER,LT,2020,650,
ESTAT:LFSI_EMP_A(1.0),20/06/23 23:00:00,A,EMP_LFS,M,Y15-64,THS_PER,LT,2021,660,
ESTAT:LFSI_EMP_A(1.0),20/06/23 23:00:00,A,EMP_LFS,M,Y15-64,THS_PER,LT,2022,664,
ESTAT:LFSI_EMP_A(1.0),20/06/23 23:00:00,A,EMP_LFS,M,Y15-64,THS_PER,LU,2009,122,
ESTAT:LFSI_EMP_A(1.0),20/06/23 23:00:00,A,EMP_LFS,M,Y15-64,THS_PER,LU,2010,124,
ESTAT:LFSI_EMP_A(1.0),20/06/23 23:00:00,A,EMP_LFS,M,Y15-64,THS_PER,LU,2011,126,
ESTAT:LFSI_EMP_A(1.0),20/06/23 23:00:00,A,EMP_LFS,M,Y15-64,THS_PER,LU,2012,130,
ESTAT:LFSI_EMP_A(1.0),20/06/23 23:00:00,A,EMP_LFS,M,Y15-64,THS_PER,LU,2013,132,
ESTAT:LFSI_EMP_A(1.0),20/06/23 23:00:00,A,EMP_LFS,M,Y15-64,THS_PER,LU,2014,134,
ESTAT:LFSI_EMP_A(1.0),20/06/23 23:00:00,A,EMP_LFS,M,Y15-64,THS_PER,LU,2015,140,b
ESTAT:LFSI_EMP_A(1.0),20/06/23 23:00:00,A,EMP_LFS,M,Y15-64,THS_PER,LU,2016,142,
ESTAT:LFSI_EMP_A(1.0),20/06/23 23:00:00,A,EMP_LFS,M,Y15-64,THS_PER,LU,2017,145,
ESTAT:LFSI_EMP_A(1.0),20/06/23 23:00:00,A,EMP_LFS,M,Y15-64,THS_PER,LU,2018,149,
ESTAT:LFSI_EMP_A(1.0),20/06/23 23:00:00,A,EMP_LFS,M,Y15-64,THS_PER,LU,2019,155,
ESTAT:LFSI_EMP_A(1.0),20/06/23 23:00:00,A,EMP_LFS,M,Y15-64,THS_PER,LU,2020,155,
ESTAT:LFSI_EMP_A(1.0),20/06/23 23:00:00,A,EMP_LFS,M,Y15-64,THS_PER,LU,2021,162,
ESTAT:LFSI_EMP_A(1.0),20/06/23 23:00:00,A,EMP_LFS,M,Y15-64,THS_PER,LU,2022,164,
ESTAT:LFSI_EMP_A(1.0),20/06/23 23:00:00,A,EMP_LFS,M,Y15-64,THS_PER,LV,2009,418,
ESTAT:LFSI_EMP_A(1.0),20/06/23 23:00:00,A,EMP_LFS,M,Y15-64,THS_PER,LV,2010,391,
ESTAT:LFSI_EMP_A(1.0),20/06/23 23:00:00,A,EMP_LFS,M,Y15-64,THS_PER,LV,2011,405,
ESTAT:LFSI_EMP_A(1.0),20/06/23 23:00:00,A,EMP_LFS,M,Y15-64,THS_PER,LV,2012,416,
ESTAT:LFSI_EMP_A(1.0),20/06/23 23:00:00,A,EMP_LFS,M,Y15-64,THS_PER,LV,2013,427,
ESTAT:LFSI_EMP_A(1.0),20/06/23 23:00:00,A,EMP_LFS,M,Y15-64,THS_PER,LV,2014,426,
ESTAT:LFSI_EMP_A(1.0),20/06/23 23:00:00,A,EMP_LFS,M,Y15-64,THS_PER,LV,2015,431,
ESTAT:LFSI_EMP_A(1.0),20/06/23 23:00:00,A,EMP_LFS,M,Y15-64,THS_PER,LV,2016,424,
ESTAT:LFSI_EMP_A(1.0),20/06/23 23:00:00,A,EMP_LFS,M,Y15-64,THS_PER,LV,2017,427,
ESTAT:LFSI_EMP_A(1.0),20/06/23 23:00:00,A,EMP_LFS,M,Y15-64,THS_PER,LV,2018,434,
ESTAT:LFSI_EMP_A(1.0),20/06/23 23:00:00,A,EMP_LFS,M,Y15-64,THS_PER,LV,2019,433,
ESTAT:LFSI_EMP_A(1.0),20/06/23 23:00:00,A,EMP_LFS,M,Y15-64,THS_PER,LV,2020,424,
ESTAT:LFSI_EMP_A(1.0),20/06/23 23:00:00,A,EMP_LFS,M,Y15-64,THS_PER,LV,2021,414,
ESTAT:LFSI_EMP_A(1.0),20/06/23 23:00:00,A,EMP_LFS,M,Y15-64,THS_PER,LV,2022,417,
ESTAT:LFSI_EMP_A(1.0),20/06/23 23:00:00,A,EMP_LFS,M,Y15-64,THS_PER,ME,2009,,
ESTAT:LFSI_EMP_A(1.0),20/06/23 23:00:00,A,EMP_LFS,M,Y15-64,THS_PER,ME,2010,,
ESTAT:LFSI_EMP_A(1.0),20/06/23 23:00:00,A,EMP_LFS,M,Y15-64,THS_PER,ME,2011,108,
ESTAT:LFSI_EMP_A(1.0),20/06/23 23:00:00,A,EMP_LFS,M,Y15-64,THS_PER,ME,2012,110,
ESTAT:LFSI_EMP_A(1.0),20/06/23 23:00:00,A,EMP_LFS,M,Y15-64,THS_PER,ME,2013,109,
ESTAT:LFSI_EMP_A(1.0),20/06/23 23:00:00,A,EMP_LFS,M,Y15-64,THS_PER,ME,2014,117,
ESTAT:LFSI_EMP_A(1.0),20/06/23 23:00:00,A,EMP_LFS,M,Y15-64,THS_PER,ME,2015,118,
ESTAT:LFSI_EMP_A(1.0),20/06/23 23:00:00,A,EMP_LFS,M,Y15-64,THS_PER,ME,2016,121,
ESTAT:LFSI_EMP_A(1.0),20/06/23 23:00:00,A,EMP_LFS,M,Y15-64,THS_PER,ME,2017,125,
ESTAT:LFSI_EMP_A(1.0),20/06/23 23:00:00,A,EMP_LFS,M,Y15-64,THS_PER,ME,2018,129,
ESTAT:LFSI_EMP_A(1.0),20/06/23 23:00:00,A,EMP_LFS,M,Y15-64,THS_PER,ME,2019,132,
ESTAT:LFSI_EMP_A(1.0),20/06/23 23:00:00,A,EMP_LFS,M,Y15-64,THS_PER,ME,2020,119,
ESTAT:LFSI_EMP_A(1.0),20/06/23 23:00:00,A,EMP_LFS,M,Y15-64,THS_PER,ME,2021,,
ESTAT:LFSI_EMP_A(1.0),20/06/23 23:00:00,A,EMP_LFS,M,Y15-64,THS_PER,ME,2022,,
ESTAT:LFSI_EMP_A(1.0),20/06/23 23:00:00,A,EMP_LFS,M,Y15-64,THS_PER,MK,2009,385,
ESTAT:LFSI_EMP_A(1.0),20/06/23 23:00:00,A,EMP_LFS,M,Y15-64,THS_PER,MK,2010,387,
ESTAT:LFSI_EMP_A(1.0),20/06/23 23:00:00,A,EMP_LFS,M,Y15-64,THS_PER,MK,2011,385,
ESTAT:LFSI_EMP_A(1.0),20/06/23 23:00:00,A,EMP_LFS,M,Y15-64,THS_PER,MK,2012,389,
ESTAT:LFSI_EMP_A(1.0),20/06/23 23:00:00,A,EMP_LFS,M,Y15-64,THS_PER,MK,2013,404,
ESTAT:LFSI_EMP_A(1.0),20/06/23 23:00:00,A,EMP_LFS,M,Y15-64,THS_PER,MK,2014,416,
ESTAT:LFSI_EMP_A(1.0),20/06/23 23:00:00,A,EMP_LFS,M,Y15-64,THS_PER,MK,2015,419,
ESTAT:LFSI_EMP_A(1.0),20/06/23 23:00:00,A,EMP_LFS,M,Y15-64,THS_PER,MK,2016,433,
ESTAT:LFSI_EMP_A(1.0),20/06/23 23:00:00,A,EMP_LFS,M,Y15-64,THS_PER,MK,2017,446,
ESTAT:LFSI_EMP_A(1.0),20/06/23 23:00:00,A,EMP_LFS,M,Y15-64,THS_PER,MK,2018,451,
ESTAT:LFSI_EMP_A(1.0),20/06/23 23:00:00,A,EMP_LFS,M,Y15-64,THS_PER,MK,2019,472,
ESTAT:LFSI_EMP_A(1.0),20/06/23 23:00:00,A,EMP_LFS,M,Y15-64,THS_PER,MK,2020,464,
ESTAT:LFSI_EMP_A(1.0),20/06/23 23:00:00,A,EMP_LFS,M,Y15-64,THS_PER,MK,2021,,
ESTAT:LFSI_EMP_A(1.0),20/06/23 23:00:00,A,EMP_LFS,M,Y15-64,THS_PER,MK,2022,,
ESTAT:LFSI_EMP_A(1.0),20/06/23 23:00:00,A,EMP_LFS,M,Y15-64,THS_PER,MT,2009,104,
ESTAT:LFSI_EMP_A(1.0),20/06/23 23:00:00,A,EMP_LFS,M,Y15-64,THS_PER,MT,2010,105,
ESTAT:LFSI_EMP_A(1.0),20/06/23 23:00:00,A,EMP_LFS,M,Y15-64,THS_PER,MT,2011,106,
ESTAT:LFSI_EMP_A(1.0),20/06/23 23:00:00,A,EMP_LFS,M,Y15-64,THS_PER,MT,2012,107,
ESTAT:LFSI_EMP_A(1.0),20/06/23 23:00:00,A,EMP_LFS,M,Y15-64,THS_PER,MT,2013,110,
ESTAT:LFSI_EMP_A(1.0),20/06/23 23:00:00,A,EMP_LFS,M,Y15-64,THS_PER,MT,2014,113,
ESTAT:LFSI_EMP_A(1.0),20/06/23 23:00:00,A,EMP_LFS,M,Y15-64,THS_PER,MT,2015,118,
ESTAT:LFSI_EMP_A(1.0),20/06/23 23:00:00,A,EMP_LFS,M,Y15-64,THS_PER,MT,2016,123,
ESTAT:LFSI_EMP_A(1.0),20/06/23 23:00:00,A,EMP_LFS,M,Y15-64,THS_PER,MT,2017,129,
ESTAT:LFSI_EMP_A(1.0),20/06/23 23:00:00,A,EMP_LFS,M,Y15-64,THS_PER,MT,2018,138,
ESTAT:LFSI_EMP_A(1.0),20/06/23 23:00:00,A,EMP_LFS,M,Y15-64,THS_PER,MT,2019,148,
ESTAT:LFSI_EMP_A(1.0),20/06/23 23:00:00,A,EMP_LFS,M,Y15-64,THS_PER,MT,2020,151,
ESTAT:LFSI_EMP_A(1.0),20/06/23 23:00:00,A,EMP_LFS,M,Y15-64,THS_PER,MT,2021,154,
ESTAT:LFSI_EMP_A(1.0),20/06/23 23:00:00,A,EMP_LFS,M,Y15-64,THS_PER,MT,2022,159,
ESTAT:LFSI_EMP_A(1.0),20/06/23 23:00:00,A,EMP_LFS,M,Y15-64,THS_PER,NL,2009,4539,
ESTAT:LFSI_EMP_A(1.0),20/06/23 23:00:00,A,EMP_LFS,M,Y15-64,THS_PER,NL,2010,4467,
ESTAT:LFSI_EMP_A(1.0),20/06/23 23:00:00,A,EMP_LFS,M,Y15-64,THS_PER,NL,2011,4445,
ESTAT:LFSI_EMP_A(1.0),20/06/23 23:00:00,A,EMP_LFS,M,Y15-64,THS_PER,NL,2012,4444,
ESTAT:LFSI_EMP_A(1.0),20/06/23 23:00:00,A,EMP_LFS,M,Y15-64,THS_PER,NL,2013,4392,
ESTAT:LFSI_EMP_A(1.0),20/06/23 23:00:00,A,EMP_LFS,M,Y15-64,THS_PER,NL,2014,4373,
ESTAT:LFSI_EMP_A(1.0),20/06/23 23:00:00,A,EMP_LFS,M,Y15-64,THS_PER,NL,2015,4404,
ESTAT:LFSI_EMP_A(1.0),20/06/23 23:00:00,A,EMP_LFS,M,Y15-64,THS_PER,NL,2016,4451,
ESTAT:LFSI_EMP_A(1.0),20/06/23 23:00:00,A,EMP_LFS,M,Y15-64,THS_PER,NL,2017,4517,
ESTAT:LFSI_EMP_A(1.0),20/06/23 23:00:00,A,EMP_LFS,M,Y15-64,THS_PER,NL,2018,4592,
ESTAT:LFSI_EMP_A(1.0),20/06/23 23:00:00,A,EMP_LFS,M,Y15-64,THS_PER,NL,2019,4653,
ESTAT:LFSI_EMP_A(1.0),20/06/23 23:00:00,A,EMP_LFS,M,Y15-64,THS_PER,NL,2020,4642,
ESTAT:LFSI_EMP_A(1.0),20/06/23 23:00:00,A,EMP_LFS,M,Y15-64,THS_PER,NL,2021,4704,
ESTAT:LFSI_EMP_A(1.0),20/06/23 23:00:00,A,EMP_LFS,M,Y15-64,THS_PER,NL,2022,4841,
ESTAT:LFSI_EMP_A(1.0),20/06/23 23:00:00,A,EMP_LFS,M,Y15-64,THS_PER,NO,2009,1273,
ESTAT:LFSI_EMP_A(1.0),20/06/23 23:00:00,A,EMP_LFS,M,Y15-64,THS_PER,NO,2010,1267,
ESTAT:LFSI_EMP_A(1.0),20/06/23 23:00:00,A,EMP_LFS,M,Y15-64,THS_PER,NO,2011,1291,
ESTAT:LFSI_EMP_A(1.0),20/06/23 23:00:00,A,EMP_LFS,M,Y15-64,THS_PER,NO,2012,1313,
ESTAT:LFSI_EMP_A(1.0),20/06/23 23:00:00,A,EMP_LFS,M,Y15-64,THS_PER,NO,2013,1321,
ESTAT:LFSI_EMP_A(1.0),20/06/23 23:00:00,A,EMP_LFS,M,Y15-64,THS_PER,NO,2014,1333,
ESTAT:LFSI_EMP_A(1.0),20/06/23 23:00:00,A,EMP_LFS,M,Y15-64,THS_PER,NO,2015,1337,
ESTAT:LFSI_EMP_A(1.0),20/06/23 23:00:00,A,EMP_LFS,M,Y15-64,THS_PER,NO,2016,1333,
ESTAT:LFSI_EMP_A(1.0),20/06/23 23:00:00,A,EMP_LFS,M,Y15-64,THS_PER,NO,2017,1340,
ESTAT:LFSI_EMP_A(1.0),20/06/23 23:00:00,A,EMP_LFS,M,Y15-64,THS_PER,NO,2018,1366,
ESTAT:LFSI_EMP_A(1.0),20/06/23 23:00:00,A,EMP_LFS,M,Y15-64,THS_PER,NO,2019,1381,
ESTAT:LFSI_EMP_A(1.0),20/06/23 23:00:00,A,EMP_LFS,M,Y15-64,THS_PER,NO,2020,1371,
ESTAT:LFSI_EMP_A(1.0),20/06/23 23:00:00,A,EMP_LFS,M,Y15-64,THS_PER,NO,2021,1392,
ESTAT:LFSI_EMP_A(1.0),20/06/23 23:00:00,A,EMP_LFS,M,Y15-64,THS_PER,NO,2022,1434,
ESTAT:LFSI_EMP_A(1.0),20/06/23 23:00:00,A,EMP_LFS,M,Y15-64,THS_PER,PL,2009,8251,
ESTAT:LFSI_EMP_A(1.0),20/06/23 23:00:00,A,EMP_LFS,M,Y15-64,THS_PER,PL,2010,8115,b
ESTAT:LFSI_EMP_A(1.0),20/06/23 23:00:00,A,EMP_LFS,M,Y15-64,THS_PER,PL,2011,8197,
ESTAT:LFSI_EMP_A(1.0),20/06/23 23:00:00,A,EMP_LFS,M,Y15-64,THS_PER,PL,2012,8226,
ESTAT:LFSI_EMP_A(1.0),20/06/23 23:00:00,A,EMP_LFS,M,Y15-64,THS_PER,PL,2013,8236,
ESTAT:LFSI_EMP_A(1.0),20/06/23 23:00:00,A,EMP_LFS,M,Y15-64,THS_PER,PL,2014,8384,
ESTAT:LFSI_EMP_A(1.0),20/06/23 23:00:00,A,EMP_LFS,M,Y15-64,THS_PER,PL,2015,8481,
ESTAT:LFSI_EMP_A(1.0),20/06/23 23:00:00,A,EMP_LFS,M,Y15-64,THS_PER,PL,2016,8568,
ESTAT:LFSI_EMP_A(1.0),20/06/23 23:00:00,A,EMP_LFS,M,Y15-64,THS_PER,PL,2017,8704,
ESTAT:LFSI_EMP_A(1.0),20/06/23 23:00:00,A,EMP_LFS,M,Y15-64,THS_PER,PL,2018,8731,
ESTAT:LFSI_EMP_A(1.0),20/06/23 23:00:00,A,EMP_LFS,M,Y15-64,THS_PER,PL,2019,8770,
ESTAT:LFSI_EMP_A(1.0),20/06/23 23:00:00,A,EMP_LFS,M,Y15-64,THS_PER,PL,2020,8733,
ESTAT:LFSI_EMP_A(1.0),20/06/23 23:00:00,A,EMP_LFS,M,Y15-64,THS_PER,PL,2021,8869,
ESTAT:LFSI_EMP_A(1.0),20/06/23 23:00:00,A,EMP_LFS,M,Y15-64,THS_PER,PL,2022,8834,
ESTAT:LFSI_EMP_A(1.0),20/06/23 23:00:00,A,EMP_LFS,M,Y15-64,THS_PER,PT,2009,2338,
ESTAT:LFSI_EMP_A(1.0),20/06/23 23:00:00,A,EMP_LFS,M,Y15-64,THS_PER,PT,2010,2290,
ESTAT:LFSI_EMP_A(1.0),20/06/23 23:00:00,A,EMP_LFS,M,Y15-64,THS_PER,PT,2011,2242,
ESTAT:LFSI_EMP_A(1.0),20/06/23 23:00:00,A,EMP_LFS,M,Y15-64,THS_PER,PT,2012,2105,
ESTAT:LFSI_EMP_A(1.0),20/06/23 23:00:00,A,EMP_LFS,M,Y15-64,THS_PER,PT,2013,2052,
ESTAT:LFSI_EMP_A(1.0),20/06/23 23:00:00,A,EMP_LFS,M,Y15-64,THS_PER,PT,2014,2110,
ESTAT:LFSI_EMP_A(1.0),20/06/23 23:00:00,A,EMP_LFS,M,Y15-64,THS_PER,PT,2015,2140,
ESTAT:LFSI_EMP_A(1.0),20/06/23 23:00:00,A,EMP_LFS,M,Y15-64,THS_PER,PT,2016,2171,
ESTAT:LFSI_EMP_A(1.0),20/06/23 23:00:00,A,EMP_LFS,M,Y15-64,THS_PER,PT,2017,2255,
ESTAT:LFSI_EMP_A(1.0),20/06/23 23:00:00,A,EMP_LFS,M,Y15-64,THS_PER,PT,2018,2302,
ESTAT:LFSI_EMP_A(1.0),20/06/23 23:00:00,A,EMP_LFS,M,Y15-64,THS_PER,PT,2019,2320,
ESTAT:LFSI_EMP_A(1.0),20/06/23 23:00:00,A,EMP_LFS,M,Y15-64,THS_PER,PT,2020,2256,
ESTAT:LFSI_EMP_A(1.0),20/06/23 23:00:00,A,EMP_LFS,M,Y15-64,THS_PER,PT,2021,2314,
ESTAT:LFSI_EMP_A(1.0),20/06/23 23:00:00,A,EMP_LFS,M,Y15-64,THS_PER,PT,2022,2340,
ESTAT:LFSI_EMP_A(1.0),20/06/23 23:00:00,A,EMP_LFS,M,Y15-64,THS_PER,RO,2009,4310,
ESTAT:LFSI_EMP_A(1.0),20/06/23 23:00:00,A,EMP_LFS,M,Y15-64,THS_PER,RO,2010,4154,
ESTAT:LFSI_EMP_A(1.0),20/06/23 23:00:00,A,EMP_LFS,M,Y15-64,THS_PER,RO,2011,4086,
ESTAT:LFSI_EMP_A(1.0),20/06/23 23:00:00,A,EMP_LFS,M,Y15-64,THS_PER,RO,2012,4135,
ESTAT:LFSI_EMP_A(1.0),20/06/23 23:00:00,A,EMP_LFS,M,Y15-64,THS_PER,RO,2013,4137,
ESTAT:LFSI_EMP_A(1.0),20/06/23 23:00:00,A,EMP_LFS,M,Y15-64,THS_PER,RO,2014,4202,
ESTAT:LFSI_EMP_A(1.0),20/06/23 23:00:00,A,EMP_LFS,M,Y15-64,THS_PER,RO,2015,4261,
ESTAT:LFSI_EMP_A(1.0),20/06/23 23:00:00,A,EMP_LFS,M,Y15-64,THS_PER,RO,2016,4278,
ESTAT:LFSI_EMP_A(1.0),20/06/23 23:00:00,A,EMP_LFS,M,Y15-64,THS_PER,RO,2017,4357,
ESTAT:LFSI_EMP_A(1.0),20/06/23 23:00:00,A,EMP_LFS,M,Y15-64,THS_PER,RO,2018,4420,
ESTAT:LFSI_EMP_A(1.0),20/06/23 23:00:00,A,EMP_LFS,M,Y15-64,THS_PER,RO,2019,4464,
ESTAT:LFSI_EMP_A(1.0),20/06/23 23:00:00,A,EMP_LFS,M,Y15-64,THS_PER,RO,2020,4418,
ESTAT:LFSI_EMP_A(1.0),20/06/23 23:00:00,A,EMP_LFS,M,Y15-64,THS_PER,RO,2021,4466,
ESTAT:LFSI_EMP_A(1.0),20/06/23 23:00:00,A,EMP_LFS,M,Y15-64,THS_PER,RO,2022,4446,
ESTAT:LFSI_EMP_A(1.0),20/06/23 23:00:00,A,EMP_LFS,M,Y15-64,THS_PER,RS,2009,,
ESTAT:LFSI_EMP_A(1.0),20/06/23 23:00:00,A,EMP_LFS,M,Y15-64,THS_PER,RS,2010,1356,
ESTAT:LFSI_EMP_A(1.0),20/06/23 23:00:00,A,EMP_LFS,M,Y15-64,THS_PER,RS,2011,1305,
ESTAT:LFSI_EMP_A(1.0),20/06/23 23:00:00,A,EMP_LFS,M,Y15-64,THS_PER,RS,2012,1294,
ESTAT:LFSI_EMP_A(1.0),20/06/23 23:00:00,A,EMP_LFS,M,Y15-64,THS_PER,RS,2013,1317,
ESTAT:LFSI_EMP_A(1.0),20/06/23 23:00:00,A,EMP_LFS,M,Y15-64,THS_PER,RS,2014,1359,
ESTAT:LFSI_EMP_A(1.0),20/06/23 23:00:00,A,EMP_LFS,M,Y15-64,THS_PER,RS,2015,1372,
ESTAT:LFSI_EMP_A(1.0),20/06/23 23:00:00,A,EMP_LFS,M,Y15-64,THS_PER,RS,2016,1415,
ESTAT:LFSI_EMP_A(1.0),20/06/23 23:00:00,A,EMP_LFS,M,Y15-64,THS_PER,RS,2017,1442,
ESTAT:LFSI_EMP_A(1.0),20/06/23 23:00:00,A,EMP_LFS,M,Y15-64,THS_PER,RS,2018,1466,
ESTAT:LFSI_EMP_A(1.0),20/06/23 23:00:00,A,EMP_LFS,M,Y15-64,THS_PER,RS,2019,1480,
ESTAT:LFSI_EMP_A(1.0),20/06/23 23:00:00,A,EMP_LFS,M,Y15-64,THS_PER,RS,2020,1476,
ESTAT:LFSI_EMP_A(1.0),20/06/23 23:00:00,A,EMP_LFS,M,Y15-64,THS_PER,RS,2021,1520,
ESTAT:LFSI_EMP_A(1.0),20/06/23 23:00:00,A,EMP_LFS,M,Y15-64,THS_PER,RS,2022,1539,
ESTAT:LFSI_EMP_A(1.0),20/06/23 23:00:00,A,EMP_LFS,M,Y15-64,THS_PER,SE,2009,2268,
ESTAT:LFSI_EMP_A(1.0),20/06/23 23:00:00,A,EMP_LFS,M,Y15-64,THS_PER,SE,2010,2289,
ESTAT:LFSI_EMP_A(1.0),20/06/23 23:00:00,A,EMP_LFS,M,Y15-64,THS_PER,SE,2011,2333,
ESTAT:LFSI_EMP_A(1.0),20/06/23 23:00:00,A,EMP_LFS,M,Y15-64,THS_PER,SE,2012,2328,
ESTAT:LFSI_EMP_A(1.0),20/06/23 23:00:00,A,EMP_LFS,M,Y15-64,THS_PER,SE,2013,2352,
ESTAT:LFSI_EMP_A(1.0),20/06/23 23:00:00,A,EMP_LFS,M,Y15-64,THS_PER,SE,2014,2369,
ESTAT:LFSI_EMP_A(1.0),20/06/23 23:00:00,A,EMP_LFS,M,Y15-64,THS_PER,SE,2015,2397,
ESTAT:LFSI_EMP_A(1.0),20/06/23 23:00:00,A,EMP_LFS,M,Y15-64,THS_PER,SE,2016,2435,
ESTAT:LFSI_EMP_A(1.0),20/06/23 23:00:00,A,EMP_LFS,M,Y15-64,THS_PER,SE,2017,2491,
ESTAT:LFSI_EMP_A(1.0),20/06/23 23:00:00,A,EMP_LFS,M,Y15-64,THS_PER,SE,2018,2533,b
ESTAT:LFSI_EMP_A(1.0),20/06/23 23:00:00,A,EMP_LFS,M,Y15-64,THS_PER,SE,2019,2557,
ESTAT:LFSI_EMP_A(1.0),20/06/23 23:00:00,A,EMP_LFS,M,Y15-64,THS_PER,SE,2020,2525,
ESTAT:LFSI_EMP_A(1.0),20/06/23 23:00:00,A,EMP_LFS,M,Y15-64,THS_PER,SE,2021,2547,
ESTAT:LFSI_EMP_A(1.0),20/06/23 23:00:00,A,EMP_LFS,M,Y15-64,THS_PER,SE,2022,2631,
ESTAT:LFSI_EMP_A(1.0),20/06/23 23:00:00,A,EMP_LFS,M,Y15-64,THS_PER,SI,2009,512,
ESTAT:LFSI_EMP_A(1.0),20/06/23 23:00:00,A,EMP_LFS,M,Y15-64,THS_PER,SI,2010,503,
ESTAT:LFSI_EMP_A(1.0),20/06/23 23:00:00,A,EMP_LFS,M,Y15-64,THS_PER,SI,2011,490,
ESTAT:LFSI_EMP_A(1.0),20/06/23 23:00:00,A,EMP_LFS,M,Y15-64,THS_PER,SI,2012,486,
ESTAT:LFSI_EMP_A(1.0),20/06/23 23:00:00,A,EMP_LFS,M,Y15-64,THS_PER,SI,2013,480,
ESTAT:LFSI_EMP_A(1.0),20/06/23 23:00:00,A,EMP_LFS,M,Y15-64,THS_PER,SI,2014,482,
ESTAT:LFSI_EMP_A(1.0),20/06/23 23:00:00,A,EMP_LFS,M,Y15-64,THS_PER,SI,2015,487,
ESTAT:LFSI_EMP_A(1.0),20/06/23 23:00:00,A,EMP_LFS,M,Y15-64,THS_PER,SI,2016,480,
ESTAT:LFSI_EMP_A(1.0),20/06/23 23:00:00,A,EMP_LFS,M,Y15-64,THS_PER,SI,2017,501,
ESTAT:LFSI_EMP_A(1.0),20/06/23 23:00:00,A,EMP_LFS,M,Y15-64,THS_PER,SI,2018,514,
ESTAT:LFSI_EMP_A(1.0),20/06/23 23:00:00,A,EMP_LFS,M,Y15-64,THS_PER,SI,2019,519,
ESTAT:LFSI_EMP_A(1.0),20/06/23 23:00:00,A,EMP_LFS,M,Y15-64,THS_PER,SI,2020,516,
ESTAT:LFSI_EMP_A(1.0),20/06/23 23:00:00,A,EMP_LFS,M,Y15-64,THS_PER,SI,2021,517,
ESTAT:LFSI_EMP_A(1.0),20/06/23 23:00:00,A,EMP_LFS,M,Y15-64,THS_PER,SI,2022,524,
ESTAT:LFSI_EMP_A(1.0),20/06/23 23:00:00,A,EMP_LFS,M,Y15-64,THS_PER,SK,2009,1313,
ESTAT:LFSI_EMP_A(1.0),20/06/23 23:00:00,A,EMP_LFS,M,Y15-64,THS_PER,SK,2010,1271,
ESTAT:LFSI_EMP_A(1.0),20/06/23 23:00:00,A,EMP_LFS,M,Y15-64,THS_PER,SK,2011,1278,b
ESTAT:LFSI_EMP_A(1.0),20/06/23 23:00:00,A,EMP_LFS,M,Y15-64,THS_PER,SK,2012,1289,
ESTAT:LFSI_EMP_A(1.0),20/06/23 23:00:00,A,EMP_LFS,M,Y15-64,THS_PER,SK,2013,1281,
ESTAT:LFSI_EMP_A(1.0),20/06/23 23:00:00,A,EMP_LFS,M,Y15-64,THS_PER,SK,2014,1301,
ESTAT:LFSI_EMP_A(1.0),20/06/23 23:00:00,A,EMP_LFS,M,Y15-64,THS_PER,SK,2015,1330,
ESTAT:LFSI_EMP_A(1.0),20/06/23 23:00:00,A,EMP_LFS,M,Y15-64,THS_PER,SK,2016,1359,
ESTAT:LFSI_EMP_A(1.0),20/06/23 23:00:00,A,EMP_LFS,M,Y15-64,THS_PER,SK,2017,1363,
ESTAT:LFSI_EMP_A(1.0),20/06/23 23:00:00,A,EMP_LFS,M,Y15-64,THS_PER,SK,2018,1387,
ESTAT:LFSI_EMP_A(1.0),20/06/23 23:00:00,A,EMP_LFS,M,Y15-64,THS_PER,SK,2019,1387,
ESTAT:LFSI_EMP_A(1.0),20/06/23 23:00:00,A,EMP_LFS,M,Y15-64,THS_PER,SK,2020,1357,
ESTAT:LFSI_EMP_A(1.0),20/06/23 23:00:00,A,EMP_LFS,M,Y15-64,THS_PER,SK,2021,1340,
ESTAT:LFSI_EMP_A(1.0),20/06/23 23:00:00,A,EMP_LFS,M,Y15-64,THS_PER,SK,2022,1358,
ESTAT:LFSI_EMP_A(1.0),20/06/23 23:00:00,A,EMP_LFS,M,Y15-64,THS_PER,TR,2009,14992,
ESTAT:LFSI_EMP_A(1.0),20/06/23 23:00:00,A,EMP_LFS,M,Y15-64,THS_PER,TR,2010,15744,
ESTAT:LFSI_EMP_A(1.0),20/06/23 23:00:00,A,EMP_LFS,M,Y15-64,THS_PER,TR,2011,16671,
ESTAT:LFSI_EMP_A(1.0),20/06/23 23:00:00,A,EMP_LFS,M,Y15-64,THS_PER,TR,2012,17054,
ESTAT:LFSI_EMP_A(1.0),20/06/23 23:00:00,A,EMP_LFS,M,Y15-64,THS_PER,TR,2013,17403,
ESTAT:LFSI_EMP_A(1.0),20/06/23 23:00:00,A,EMP_LFS,M,Y15-64,THS_PER,TR,2014,17749,b
ESTAT:LFSI_EMP_A(1.0),20/06/23 23:00:00,A,EMP_LFS,M,Y15-64,THS_PER,TR,2015,18049,
ESTAT:LFSI_EMP_A(1.0),20/06/23 23:00:00,A,EMP_LFS,M,Y15-64,THS_PER,TR,2016,18354,
ESTAT:LFSI_EMP_A(1.0),20/06/23 23:00:00,A,EMP_LFS,M,Y15-64,THS_PER,TR,2017,18870,
ESTAT:LFSI_EMP_A(1.0),20/06/23 23:00:00,A,EMP_LFS,M,Y15-64,THS_PER,TR,2018,19091,
ESTAT:LFSI_EMP_A(1.0),20/06/23 23:00:00,A,EMP_LFS,M,Y15-64,THS_PER,TR,2019,18536,
ESTAT:LFSI_EMP_A(1.0),20/06/23 23:00:00,A,EMP_LFS,M,Y15-64,THS_PER,TR,2020,17945,
ESTAT:LFSI_EMP_A(1.0),20/06/23 23:00:00,A,EMP_LFS,M,Y15-64,THS_PER,TR,2021,,
ESTAT:LFSI_EMP_A(1.0),20/06/23 23:00:00,A,EMP_LFS,M,Y15-64,THS_PER,TR,2022,,
