DATAFLOW,LAST UPDATE,freq,unit,sex,geo,TIME_PERIOD,OBS_VALUE,OBS_FLAG
ESTAT:ISOC_SKS_ITSPS(1.0),03/05/23 23:00:00,A,THS_PER,F,AT,2009,26.1,e
ESTAT:ISOC_SKS_ITSPS(1.0),03/05/23 23:00:00,A,THS_PER,F,AT,2010,27.0,e
ESTAT:ISOC_SKS_ITSPS(1.0),03/05/23 23:00:00,A,THS_PER,F,AT,2011,19.1,b
ESTAT:ISOC_SKS_ITSPS(1.0),03/05/23 23:00:00,A,THS_PER,F,AT,2012,24.7,e
ESTAT:ISOC_SKS_ITSPS(1.0),03/05/23 23:00:00,A,THS_PER,F,AT,2013,21.7,e
ESTAT:ISOC_SKS_ITSPS(1.0),03/05/23 23:00:00,A,THS_PER,F,AT,2014,20.1,e
ESTAT:ISOC_SKS_ITSPS(1.0),03/05/23 23:00:00,A,THS_PER,F,AT,2015,23.9,e
ESTAT:ISOC_SKS_ITSPS(1.0),03/05/23 23:00:00,A,THS_PER,F,AT,2016,30.7,
ESTAT:ISOC_SKS_ITSPS(1.0),03/05/23 23:00:00,A,THS_PER,F,AT,2017,29.5,e
ESTAT:ISOC_SKS_ITSPS(1.0),03/05/23 23:00:00,A,THS_PER,F,AT,2018,35.2,
ESTAT:ISOC_SKS_ITSPS(1.0),03/05/23 23:00:00,A,THS_PER,F,AT,2019,37.7,
ESTAT:ISOC_SKS_ITSPS(1.0),03/05/23 23:00:00,A,THS_PER,F,AT,2020,39.3,
ESTAT:ISOC_SKS_ITSPS(1.0),03/05/23 23:00:00,A,THS_PER,F,AT,2021,36.5,b
ESTAT:ISOC_SKS_ITSPS(1.0),03/05/23 23:00:00,A,THS_PER,F,AT,2022,42.7,
ESTAT:ISOC_SKS_ITSPS(1.0),03/05/23 23:00:00,A,THS_PER,F,BE,2009,33.3,e
ESTAT:ISOC_SKS_ITSPS(1.0),03/05/23 23:00:00,A,THS_PER,F,BE,2010,37.9,e
ESTAT:ISOC_SKS_ITSPS(1.0),03/05/23 23:00:00,A,THS_PER,F,BE,2011,30.4,be
ESTAT:ISOC_SKS_ITSPS(1.0),03/05/23 23:00:00,A,THS_PER,F,BE,2012,33.4,
ESTAT:ISOC_SKS_ITSPS(1.0),03/05/23 23:00:00,A,THS_PER,F,BE,2013,29.4,
ESTAT:ISOC_SKS_ITSPS(1.0),03/05/23 23:00:00,A,THS_PER,F,BE,2014,29.2,
ESTAT:ISOC_SKS_ITSPS(1.0),03/05/23 23:00:00,A,THS_PER,F,BE,2015,28.5,
ESTAT:ISOC_SKS_ITSPS(1.0),03/05/23 23:00:00,A,THS_PER,F,BE,2016,27.3,
ESTAT:ISOC_SKS_ITSPS(1.0),03/05/23 23:00:00,A,THS_PER,F,BE,2017,35.8,b
ESTAT:ISOC_SKS_ITSPS(1.0),03/05/23 23:00:00,A,THS_PER,F,BE,2018,41.1,
ESTAT:ISOC_SKS_ITSPS(1.0),03/05/23 23:00:00,A,THS_PER,F,BE,2019,41.2,e
ESTAT:ISOC_SKS_ITSPS(1.0),03/05/23 23:00:00,A,THS_PER,F,BE,2020,42.0,
ESTAT:ISOC_SKS_ITSPS(1.0),03/05/23 23:00:00,A,THS_PER,F,BE,2021,53.4,b
ESTAT:ISOC_SKS_ITSPS(1.0),03/05/23 23:00:00,A,THS_PER,F,BE,2022,51.8,
ESTAT:ISOC_SKS_ITSPS(1.0),03/05/23 23:00:00,A,THS_PER,F,BG,2009,23.9,e
ESTAT:ISOC_SKS_ITSPS(1.0),03/05/23 23:00:00,A,THS_PER,F,BG,2010,23.6,be
ESTAT:ISOC_SKS_ITSPS(1.0),03/05/23 23:00:00,A,THS_PER,F,BG,2011,22.0,be
ESTAT:ISOC_SKS_ITSPS(1.0),03/05/23 23:00:00,A,THS_PER,F,BG,2012,23.3,e
ESTAT:ISOC_SKS_ITSPS(1.0),03/05/23 23:00:00,A,THS_PER,F,BG,2013,22.2,e
ESTAT:ISOC_SKS_ITSPS(1.0),03/05/23 23:00:00,A,THS_PER,F,BG,2014,23.4,e
ESTAT:ISOC_SKS_ITSPS(1.0),03/05/23 23:00:00,A,THS_PER,F,BG,2015,27.1,e
ESTAT:ISOC_SKS_ITSPS(1.0),03/05/23 23:00:00,A,THS_PER,F,BG,2016,26.5,e
ESTAT:ISOC_SKS_ITSPS(1.0),03/05/23 23:00:00,A,THS_PER,F,BG,2017,27.9,e
ESTAT:ISOC_SKS_ITSPS(1.0),03/05/23 23:00:00,A,THS_PER,F,BG,2018,30.8,e
ESTAT:ISOC_SKS_ITSPS(1.0),03/05/23 23:00:00,A,THS_PER,F,BG,2019,28.5,
ESTAT:ISOC_SKS_ITSPS(1.0),03/05/23 23:00:00,A,THS_PER,F,BG,2020,29.1,
ESTAT:ISOC_SKS_ITSPS(1.0),03/05/23 23:00:00,A,THS_PER,F,BG,2021,30.5,b
ESTAT:ISOC_SKS_ITSPS(1.0),03/05/23 23:00:00,A,THS_PER,F,BG,2022,34.9,
ESTAT:ISOC_SKS_ITSPS(1.0),03/05/23 23:00:00,A,THS_PER,F,CH,2009,,
ESTAT:ISOC_SKS_ITSPS(1.0),03/05/23 23:00:00,A,THS_PER,F,CH,2010,,
ESTAT:ISOC_SKS_ITSPS(1.0),03/05/23 23:00:00,A,THS_PER,F,CH,2011,23.1,be
ESTAT:ISOC_SKS_ITSPS(1.0),03/05/23 23:00:00,A,THS_PER,F,CH,2012,27.2,e
ESTAT:ISOC_SKS_ITSPS(1.0),03/05/23 23:00:00,A,THS_PER,F,CH,2013,29.5,e
ESTAT:ISOC_SKS_ITSPS(1.0),03/05/23 23:00:00,A,THS_PER,F,CH,2014,29.5,e
ESTAT:ISOC_SKS_ITSPS(1.0),03/05/23 23:00:00,A,THS_PER,F,CH,2015,30.5,
ESTAT:ISOC_SKS_ITSPS(1.0),03/05/23 23:00:00,A,THS_PER,F,CH,2016,34.1,
ESTAT:ISOC_SKS_ITSPS(1.0),03/05/23 23:00:00,A,THS_PER,F,CH,2017,33.9,
ESTAT:ISOC_SKS_ITSPS(1.0),03/05/23 23:00:00,A,THS_PER,F,CH,2018,33.9,
ESTAT:ISOC_SKS_ITSPS(1.0),03/05/23 23:00:00,A,THS_PER,F,CH,2019,42.5,e
ESTAT:ISOC_SKS_ITSPS(1.0),03/05/23 23:00:00,A,THS_PER,F,CH,2020,41.6,e
ESTAT:ISOC_SKS_ITSPS(1.0),03/05/23 23:00:00,A,THS_PER,F,CH,2021,41.7,b
ESTAT:ISOC_SKS_ITSPS(1.0),03/05/23 23:00:00,A,THS_PER,F,CH,2022,42.3,
ESTAT:ISOC_SKS_ITSPS(1.0),03/05/23 23:00:00,A,THS_PER,F,CY,2009,1.4,bu
ESTAT:ISOC_SKS_ITSPS(1.0),03/05/23 23:00:00,A,THS_PER,F,CY,2010,1.8,e
ESTAT:ISOC_SKS_ITSPS(1.0),03/05/23 23:00:00,A,THS_PER,F,CY,2011,2.0,be
ESTAT:ISOC_SKS_ITSPS(1.0),03/05/23 23:00:00,A,THS_PER,F,CY,2012,1.9,e
ESTAT:ISOC_SKS_ITSPS(1.0),03/05/23 23:00:00,A,THS_PER,F,CY,2013,1.6,e
ESTAT:ISOC_SKS_ITSPS(1.0),03/05/23 23:00:00,A,THS_PER,F,CY,2014,1.6,e
ESTAT:ISOC_SKS_ITSPS(1.0),03/05/23 23:00:00,A,THS_PER,F,CY,2015,2.0,e
ESTAT:ISOC_SKS_ITSPS(1.0),03/05/23 23:00:00,A,THS_PER,F,CY,2016,2.4,e
ESTAT:ISOC_SKS_ITSPS(1.0),03/05/23 23:00:00,A,THS_PER,F,CY,2017,2.0,e
ESTAT:ISOC_SKS_ITSPS(1.0),03/05/23 23:00:00,A,THS_PER,F,CY,2018,2.4,e
ESTAT:ISOC_SKS_ITSPS(1.0),03/05/23 23:00:00,A,THS_PER,F,CY,2019,2.2,e
ESTAT:ISOC_SKS_ITSPS(1.0),03/05/23 23:00:00,A,THS_PER,F,CY,2020,2.3,e
ESTAT:ISOC_SKS_ITSPS(1.0),03/05/23 23:00:00,A,THS_PER,F,CY,2021,3.2,be
ESTAT:ISOC_SKS_ITSPS(1.0),03/05/23 23:00:00,A,THS_PER,F,CY,2022,4.4,e
ESTAT:ISOC_SKS_ITSPS(1.0),03/05/23 23:00:00,A,THS_PER,F,CZ,2009,53.4,e
ESTAT:ISOC_SKS_ITSPS(1.0),03/05/23 23:00:00,A,THS_PER,F,CZ,2010,48.4,be
ESTAT:ISOC_SKS_ITSPS(1.0),03/05/23 23:00:00,A,THS_PER,F,CZ,2011,18.2,be
ESTAT:ISOC_SKS_ITSPS(1.0),03/05/23 23:00:00,A,THS_PER,F,CZ,2012,18.0,e
ESTAT:ISOC_SKS_ITSPS(1.0),03/05/23 23:00:00,A,THS_PER,F,CZ,2013,19.3,
ESTAT:ISOC_SKS_ITSPS(1.0),03/05/23 23:00:00,A,THS_PER,F,CZ,2014,18.3,e
ESTAT:ISOC_SKS_ITSPS(1.0),03/05/23 23:00:00,A,THS_PER,F,CZ,2015,17.4,e
ESTAT:ISOC_SKS_ITSPS(1.0),03/05/23 23:00:00,A,THS_PER,F,CZ,2016,18.9,e
ESTAT:ISOC_SKS_ITSPS(1.0),03/05/23 23:00:00,A,THS_PER,F,CZ,2017,19.2,
ESTAT:ISOC_SKS_ITSPS(1.0),03/05/23 23:00:00,A,THS_PER,F,CZ,2018,20.6,
ESTAT:ISOC_SKS_ITSPS(1.0),03/05/23 23:00:00,A,THS_PER,F,CZ,2019,21.9,e
ESTAT:ISOC_SKS_ITSPS(1.0),03/05/23 23:00:00,A,THS_PER,F,CZ,2020,22.6,
ESTAT:ISOC_SKS_ITSPS(1.0),03/05/23 23:00:00,A,THS_PER,F,CZ,2021,24.2,b
ESTAT:ISOC_SKS_ITSPS(1.0),03/05/23 23:00:00,A,THS_PER,F,CZ,2022,25.3,
ESTAT:ISOC_SKS_ITSPS(1.0),03/05/23 23:00:00,A,THS_PER,F,DE,2009,287.8,e
ESTAT:ISOC_SKS_ITSPS(1.0),03/05/23 23:00:00,A,THS_PER,F,DE,2010,287.8,be
ESTAT:ISOC_SKS_ITSPS(1.0),03/05/23 23:00:00,A,THS_PER,F,DE,2011,196.9,be
ESTAT:ISOC_SKS_ITSPS(1.0),03/05/23 23:00:00,A,THS_PER,F,DE,2012,205.5,b
ESTAT:ISOC_SKS_ITSPS(1.0),03/05/23 23:00:00,A,THS_PER,F,DE,2013,218.4,
ESTAT:ISOC_SKS_ITSPS(1.0),03/05/23 23:00:00,A,THS_PER,F,DE,2014,234.5,
ESTAT:ISOC_SKS_ITSPS(1.0),03/05/23 23:00:00,A,THS_PER,F,DE,2015,238.8,
ESTAT:ISOC_SKS_ITSPS(1.0),03/05/23 23:00:00,A,THS_PER,F,DE,2016,255.5,
ESTAT:ISOC_SKS_ITSPS(1.0),03/05/23 23:00:00,A,THS_PER,F,DE,2017,257.6,
ESTAT:ISOC_SKS_ITSPS(1.0),03/05/23 23:00:00,A,THS_PER,F,DE,2018,272.7,
ESTAT:ISOC_SKS_ITSPS(1.0),03/05/23 23:00:00,A,THS_PER,F,DE,2019,283.2,
ESTAT:ISOC_SKS_ITSPS(1.0),03/05/23 23:00:00,A,THS_PER,F,DE,2020,339.6,b
ESTAT:ISOC_SKS_ITSPS(1.0),03/05/23 23:00:00,A,THS_PER,F,DE,2021,390.5,b
ESTAT:ISOC_SKS_ITSPS(1.0),03/05/23 23:00:00,A,THS_PER,F,DE,2022,401.2,
ESTAT:ISOC_SKS_ITSPS(1.0),03/05/23 23:00:00,A,THS_PER,F,DK,2009,28.7,e
ESTAT:ISOC_SKS_ITSPS(1.0),03/05/23 23:00:00,A,THS_PER,F,DK,2010,28.5,e
ESTAT:ISOC_SKS_ITSPS(1.0),03/05/23 23:00:00,A,THS_PER,F,DK,2011,22.3,be
ESTAT:ISOC_SKS_ITSPS(1.0),03/05/23 23:00:00,A,THS_PER,F,DK,2012,23.6,e
ESTAT:ISOC_SKS_ITSPS(1.0),03/05/23 23:00:00,A,THS_PER,F,DK,2013,23.9,e
ESTAT:ISOC_SKS_ITSPS(1.0),03/05/23 23:00:00,A,THS_PER,F,DK,2014,21.9,e
ESTAT:ISOC_SKS_ITSPS(1.0),03/05/23 23:00:00,A,THS_PER,F,DK,2015,24.7,e
ESTAT:ISOC_SKS_ITSPS(1.0),03/05/23 23:00:00,A,THS_PER,F,DK,2016,28.0,be
ESTAT:ISOC_SKS_ITSPS(1.0),03/05/23 23:00:00,A,THS_PER,F,DK,2017,28.1,be
ESTAT:ISOC_SKS_ITSPS(1.0),03/05/23 23:00:00,A,THS_PER,F,DK,2018,28.5,e
ESTAT:ISOC_SKS_ITSPS(1.0),03/05/23 23:00:00,A,THS_PER,F,DK,2019,31.7,e
ESTAT:ISOC_SKS_ITSPS(1.0),03/05/23 23:00:00,A,THS_PER,F,DK,2020,34.6,e
ESTAT:ISOC_SKS_ITSPS(1.0),03/05/23 23:00:00,A,THS_PER,F,DK,2021,37.1,be
ESTAT:ISOC_SKS_ITSPS(1.0),03/05/23 23:00:00,A,THS_PER,F,DK,2022,37.7,e
ESTAT:ISOC_SKS_ITSPS(1.0),03/05/23 23:00:00,A,THS_PER,F,EE,2009,9.3,e
ESTAT:ISOC_SKS_ITSPS(1.0),03/05/23 23:00:00,A,THS_PER,F,EE,2010,9.4,e
ESTAT:ISOC_SKS_ITSPS(1.0),03/05/23 23:00:00,A,THS_PER,F,EE,2011,5.0,be
ESTAT:ISOC_SKS_ITSPS(1.0),03/05/23 23:00:00,A,THS_PER,F,EE,2012,6.1,e
ESTAT:ISOC_SKS_ITSPS(1.0),03/05/23 23:00:00,A,THS_PER,F,EE,2013,5.4,e
ESTAT:ISOC_SKS_ITSPS(1.0),03/05/23 23:00:00,A,THS_PER,F,EE,2014,4.8,e
ESTAT:ISOC_SKS_ITSPS(1.0),03/05/23 23:00:00,A,THS_PER,F,EE,2015,6.0,e
ESTAT:ISOC_SKS_ITSPS(1.0),03/05/23 23:00:00,A,THS_PER,F,EE,2016,6.8,e
ESTAT:ISOC_SKS_ITSPS(1.0),03/05/23 23:00:00,A,THS_PER,F,EE,2017,7.0,e
ESTAT:ISOC_SKS_ITSPS(1.0),03/05/23 23:00:00,A,THS_PER,F,EE,2018,8.0,
ESTAT:ISOC_SKS_ITSPS(1.0),03/05/23 23:00:00,A,THS_PER,F,EE,2019,9.1,e
ESTAT:ISOC_SKS_ITSPS(1.0),03/05/23 23:00:00,A,THS_PER,F,EE,2020,9.2,e
ESTAT:ISOC_SKS_ITSPS(1.0),03/05/23 23:00:00,A,THS_PER,F,EE,2021,9.1,be
ESTAT:ISOC_SKS_ITSPS(1.0),03/05/23 23:00:00,A,THS_PER,F,EE,2022,11.0,e
ESTAT:ISOC_SKS_ITSPS(1.0),03/05/23 23:00:00,A,THS_PER,F,EL,2009,47.8,be
ESTAT:ISOC_SKS_ITSPS(1.0),03/05/23 23:00:00,A,THS_PER,F,EL,2010,46.9,e
ESTAT:ISOC_SKS_ITSPS(1.0),03/05/23 23:00:00,A,THS_PER,F,EL,2011,14.8,be
ESTAT:ISOC_SKS_ITSPS(1.0),03/05/23 23:00:00,A,THS_PER,F,EL,2012,15.4,e
ESTAT:ISOC_SKS_ITSPS(1.0),03/05/23 23:00:00,A,THS_PER,F,EL,2013,15.2,e
ESTAT:ISOC_SKS_ITSPS(1.0),03/05/23 23:00:00,A,THS_PER,F,EL,2014,12.7,e
ESTAT:ISOC_SKS_ITSPS(1.0),03/05/23 23:00:00,A,THS_PER,F,EL,2015,10.1,e
ESTAT:ISOC_SKS_ITSPS(1.0),03/05/23 23:00:00,A,THS_PER,F,EL,2016,11.5,e
ESTAT:ISOC_SKS_ITSPS(1.0),03/05/23 23:00:00,A,THS_PER,F,EL,2017,11.7,e
ESTAT:ISOC_SKS_ITSPS(1.0),03/05/23 23:00:00,A,THS_PER,F,EL,2018,13.2,e
ESTAT:ISOC_SKS_ITSPS(1.0),03/05/23 23:00:00,A,THS_PER,F,EL,2019,16.1,e
ESTAT:ISOC_SKS_ITSPS(1.0),03/05/23 23:00:00,A,THS_PER,F,EL,2020,21.6,e
ESTAT:ISOC_SKS_ITSPS(1.0),03/05/23 23:00:00,A,THS_PER,F,EL,2021,19.7,b
ESTAT:ISOC_SKS_ITSPS(1.0),03/05/23 23:00:00,A,THS_PER,F,EL,2022,20.9,
ESTAT:ISOC_SKS_ITSPS(1.0),03/05/23 23:00:00,A,THS_PER,F,ES,2009,138.8,e
ESTAT:ISOC_SKS_ITSPS(1.0),03/05/23 23:00:00,A,THS_PER,F,ES,2010,142.7,e
ESTAT:ISOC_SKS_ITSPS(1.0),03/05/23 23:00:00,A,THS_PER,F,ES,2011,110.3,be
ESTAT:ISOC_SKS_ITSPS(1.0),03/05/23 23:00:00,A,THS_PER,F,ES,2012,104.0,e
ESTAT:ISOC_SKS_ITSPS(1.0),03/05/23 23:00:00,A,THS_PER,F,ES,2013,106.5,e
ESTAT:ISOC_SKS_ITSPS(1.0),03/05/23 23:00:00,A,THS_PER,F,ES,2014,102.4,e
ESTAT:ISOC_SKS_ITSPS(1.0),03/05/23 23:00:00,A,THS_PER,F,ES,2015,101.8,e
ESTAT:ISOC_SKS_ITSPS(1.0),03/05/23 23:00:00,A,THS_PER,F,ES,2016,105.5,e
ESTAT:ISOC_SKS_ITSPS(1.0),03/05/23 23:00:00,A,THS_PER,F,ES,2017,107.9,e
ESTAT:ISOC_SKS_ITSPS(1.0),03/05/23 23:00:00,A,THS_PER,F,ES,2018,120.4,e
ESTAT:ISOC_SKS_ITSPS(1.0),03/05/23 23:00:00,A,THS_PER,F,ES,2019,138.7,e
ESTAT:ISOC_SKS_ITSPS(1.0),03/05/23 23:00:00,A,THS_PER,F,ES,2020,141.3,e
ESTAT:ISOC_SKS_ITSPS(1.0),03/05/23 23:00:00,A,THS_PER,F,ES,2021,156.8,bd
ESTAT:ISOC_SKS_ITSPS(1.0),03/05/23 23:00:00,A,THS_PER,F,ES,2022,158.1,d
ESTAT:ISOC_SKS_ITSPS(1.0),03/05/23 23:00:00,A,THS_PER,F,FI,2009,33.5,e
ESTAT:ISOC_SKS_ITSPS(1.0),03/05/23 23:00:00,A,THS_PER,F,FI,2010,33.4,e
ESTAT:ISOC_SKS_ITSPS(1.0),03/05/23 23:00:00,A,THS_PER,F,FI,2011,27.0,b
ESTAT:ISOC_SKS_ITSPS(1.0),03/05/23 23:00:00,A,THS_PER,F,FI,2012,30.3,
ESTAT:ISOC_SKS_ITSPS(1.0),03/05/23 23:00:00,A,THS_PER,F,FI,2013,32.3,
ESTAT:ISOC_SKS_ITSPS(1.0),03/05/23 23:00:00,A,THS_PER,F,FI,2014,31.8,
ESTAT:ISOC_SKS_ITSPS(1.0),03/05/23 23:00:00,A,THS_PER,F,FI,2015,34.7,
ESTAT:ISOC_SKS_ITSPS(1.0),03/05/23 23:00:00,A,THS_PER,F,FI,2016,33.8,
ESTAT:ISOC_SKS_ITSPS(1.0),03/05/23 23:00:00,A,THS_PER,F,FI,2017,33.9,
ESTAT:ISOC_SKS_ITSPS(1.0),03/05/23 23:00:00,A,THS_PER,F,FI,2018,33.7,
ESTAT:ISOC_SKS_ITSPS(1.0),03/05/23 23:00:00,A,THS_PER,F,FI,2019,36.8,
ESTAT:ISOC_SKS_ITSPS(1.0),03/05/23 23:00:00,A,THS_PER,F,FI,2020,44.7,
ESTAT:ISOC_SKS_ITSPS(1.0),03/05/23 23:00:00,A,THS_PER,F,FI,2021,45.0,b
ESTAT:ISOC_SKS_ITSPS(1.0),03/05/23 23:00:00,A,THS_PER,F,FI,2022,47.2,
ESTAT:ISOC_SKS_ITSPS(1.0),03/05/23 23:00:00,A,THS_PER,F,FR,2009,232.1,e
ESTAT:ISOC_SKS_ITSPS(1.0),03/05/23 23:00:00,A,THS_PER,F,FR,2010,232.2,e
ESTAT:ISOC_SKS_ITSPS(1.0),03/05/23 23:00:00,A,THS_PER,F,FR,2011,136.7,be
ESTAT:ISOC_SKS_ITSPS(1.0),03/05/23 23:00:00,A,THS_PER,F,FR,2012,137.7,e
ESTAT:ISOC_SKS_ITSPS(1.0),03/05/23 23:00:00,A,THS_PER,F,FR,2013,149.7,b
ESTAT:ISOC_SKS_ITSPS(1.0),03/05/23 23:00:00,A,THS_PER,F,FR,2014,143.9,b
ESTAT:ISOC_SKS_ITSPS(1.0),03/05/23 23:00:00,A,THS_PER,F,FR,2015,143.7,
ESTAT:ISOC_SKS_ITSPS(1.0),03/05/23 23:00:00,A,THS_PER,F,FR,2016,170.6,
ESTAT:ISOC_SKS_ITSPS(1.0),03/05/23 23:00:00,A,THS_PER,F,FR,2017,187.9,
ESTAT:ISOC_SKS_ITSPS(1.0),03/05/23 23:00:00,A,THS_PER,F,FR,2018,204.2,
ESTAT:ISOC_SKS_ITSPS(1.0),03/05/23 23:00:00,A,THS_PER,F,FR,2019,222.9,
ESTAT:ISOC_SKS_ITSPS(1.0),03/05/23 23:00:00,A,THS_PER,F,FR,2020,244.5,
ESTAT:ISOC_SKS_ITSPS(1.0),03/05/23 23:00:00,A,THS_PER,F,FR,2021,258.8,bd
ESTAT:ISOC_SKS_ITSPS(1.0),03/05/23 23:00:00,A,THS_PER,F,FR,2022,231.2,de
ESTAT:ISOC_SKS_ITSPS(1.0),03/05/23 23:00:00,A,THS_PER,F,HR,2009,8.5,u
ESTAT:ISOC_SKS_ITSPS(1.0),03/05/23 23:00:00,A,THS_PER,F,HR,2010,8.8,u
ESTAT:ISOC_SKS_ITSPS(1.0),03/05/23 23:00:00,A,THS_PER,F,HR,2011,5.7,bu
ESTAT:ISOC_SKS_ITSPS(1.0),03/05/23 23:00:00,A,THS_PER,F,HR,2012,6.2,u
ESTAT:ISOC_SKS_ITSPS(1.0),03/05/23 23:00:00,A,THS_PER,F,HR,2013,7.2,u
ESTAT:ISOC_SKS_ITSPS(1.0),03/05/23 23:00:00,A,THS_PER,F,HR,2014,6.5,u
ESTAT:ISOC_SKS_ITSPS(1.0),03/05/23 23:00:00,A,THS_PER,F,HR,2015,7.7,u
ESTAT:ISOC_SKS_ITSPS(1.0),03/05/23 23:00:00,A,THS_PER,F,HR,2016,7.3,u
ESTAT:ISOC_SKS_ITSPS(1.0),03/05/23 23:00:00,A,THS_PER,F,HR,2017,7.9,u
ESTAT:ISOC_SKS_ITSPS(1.0),03/05/23 23:00:00,A,THS_PER,F,HR,2018,11.1,e
ESTAT:ISOC_SKS_ITSPS(1.0),03/05/23 23:00:00,A,THS_PER,F,HR,2019,11.6,e
ESTAT:ISOC_SKS_ITSPS(1.0),03/05/23 23:00:00,A,THS_PER,F,HR,2020,11.5,e
ESTAT:ISOC_SKS_ITSPS(1.0),03/05/23 23:00:00,A,THS_PER,F,HR,2021,12.7,be
ESTAT:ISOC_SKS_ITSPS(1.0),03/05/23 23:00:00,A,THS_PER,F,HR,2022,9.4,u
ESTAT:ISOC_SKS_ITSPS(1.0),03/05/23 23:00:00,A,THS_PER,F,HU,2009,57.1,e
ESTAT:ISOC_SKS_ITSPS(1.0),03/05/23 23:00:00,A,THS_PER,F,HU,2010,61.9,e
ESTAT:ISOC_SKS_ITSPS(1.0),03/05/23 23:00:00,A,THS_PER,F,HU,2011,9.7,b
ESTAT:ISOC_SKS_ITSPS(1.0),03/05/23 23:00:00,A,THS_PER,F,HU,2012,13.4,e
ESTAT:ISOC_SKS_ITSPS(1.0),03/05/23 23:00:00,A,THS_PER,F,HU,2013,14.3,e
ESTAT:ISOC_SKS_ITSPS(1.0),03/05/23 23:00:00,A,THS_PER,F,HU,2014,16.8,
ESTAT:ISOC_SKS_ITSPS(1.0),03/05/23 23:00:00,A,THS_PER,F,HU,2015,18.4,e
ESTAT:ISOC_SKS_ITSPS(1.0),03/05/23 23:00:00,A,THS_PER,F,HU,2016,20.9,e
ESTAT:ISOC_SKS_ITSPS(1.0),03/05/23 23:00:00,A,THS_PER,F,HU,2017,14.3,e
ESTAT:ISOC_SKS_ITSPS(1.0),03/05/23 23:00:00,A,THS_PER,F,HU,2018,14.3,e
ESTAT:ISOC_SKS_ITSPS(1.0),03/05/23 23:00:00,A,THS_PER,F,HU,2019,16.1,
ESTAT:ISOC_SKS_ITSPS(1.0),03/05/23 23:00:00,A,THS_PER,F,HU,2020,21.1,e
ESTAT:ISOC_SKS_ITSPS(1.0),03/05/23 23:00:00,A,THS_PER,F,HU,2021,25.4,be
ESTAT:ISOC_SKS_ITSPS(1.0),03/05/23 23:00:00,A,THS_PER,F,HU,2022,26.4,e
ESTAT:ISOC_SKS_ITSPS(1.0),03/05/23 23:00:00,A,THS_PER,F,IE,2009,25.0,e
ESTAT:ISOC_SKS_ITSPS(1.0),03/05/23 23:00:00,A,THS_PER,F,IE,2010,24.4,e
ESTAT:ISOC_SKS_ITSPS(1.0),03/05/23 23:00:00,A,THS_PER,F,IE,2011,21.6,be
ESTAT:ISOC_SKS_ITSPS(1.0),03/05/23 23:00:00,A,THS_PER,F,IE,2012,20.7,e
ESTAT:ISOC_SKS_ITSPS(1.0),03/05/23 23:00:00,A,THS_PER,F,IE,2013,21.4,e
ESTAT:ISOC_SKS_ITSPS(1.0),03/05/23 23:00:00,A,THS_PER,F,IE,2014,20.0,e
ESTAT:ISOC_SKS_ITSPS(1.0),03/05/23 23:00:00,A,THS_PER,F,IE,2015,19.2,e
ESTAT:ISOC_SKS_ITSPS(1.0),03/05/23 23:00:00,A,THS_PER,F,IE,2016,22.5,e
ESTAT:ISOC_SKS_ITSPS(1.0),03/05/23 23:00:00,A,THS_PER,F,IE,2017,23.0,be
ESTAT:ISOC_SKS_ITSPS(1.0),03/05/23 23:00:00,A,THS_PER,F,IE,2018,20.0,e
ESTAT:ISOC_SKS_ITSPS(1.0),03/05/23 23:00:00,A,THS_PER,F,IE,2019,24.1,e
ESTAT:ISOC_SKS_ITSPS(1.0),03/05/23 23:00:00,A,THS_PER,F,IE,2020,26.8,e
ESTAT:ISOC_SKS_ITSPS(1.0),03/05/23 23:00:00,A,THS_PER,F,IE,2021,30.0,be
ESTAT:ISOC_SKS_ITSPS(1.0),03/05/23 23:00:00,A,THS_PER,F,IE,2022,34.3,e
ESTAT:ISOC_SKS_ITSPS(1.0),03/05/23 23:00:00,A,THS_PER,F,IS,2009,,
ESTAT:ISOC_SKS_ITSPS(1.0),03/05/23 23:00:00,A,THS_PER,F,IS,2010,,
ESTAT:ISOC_SKS_ITSPS(1.0),03/05/23 23:00:00,A,THS_PER,F,IS,2011,1.0,be
ESTAT:ISOC_SKS_ITSPS(1.0),03/05/23 23:00:00,A,THS_PER,F,IS,2012,1.1,e
ESTAT:ISOC_SKS_ITSPS(1.0),03/05/23 23:00:00,A,THS_PER,F,IS,2013,1.2,e
ESTAT:ISOC_SKS_ITSPS(1.0),03/05/23 23:00:00,A,THS_PER,F,IS,2014,1.5,e
ESTAT:ISOC_SKS_ITSPS(1.0),03/05/23 23:00:00,A,THS_PER,F,IS,2015,1.9,e
ESTAT:ISOC_SKS_ITSPS(1.0),03/05/23 23:00:00,A,THS_PER,F,IS,2016,1.9,e
ESTAT:ISOC_SKS_ITSPS(1.0),03/05/23 23:00:00,A,THS_PER,F,IS,2017,1.6,e
ESTAT:ISOC_SKS_ITSPS(1.0),03/05/23 23:00:00,A,THS_PER,F,IS,2018,1.5,e
ESTAT:ISOC_SKS_ITSPS(1.0),03/05/23 23:00:00,A,THS_PER,F,IS,2019,1.7,e
ESTAT:ISOC_SKS_ITSPS(1.0),03/05/23 23:00:00,A,THS_PER,F,IS,2020,1.9,be
ESTAT:ISOC_SKS_ITSPS(1.0),03/05/23 23:00:00,A,THS_PER,F,IS,2021,1.9,be
ESTAT:ISOC_SKS_ITSPS(1.0),03/05/23 23:00:00,A,THS_PER,F,IS,2022,1.9,e
ESTAT:ISOC_SKS_ITSPS(1.0),03/05/23 23:00:00,A,THS_PER,F,IT,2009,127.6,e
ESTAT:ISOC_SKS_ITSPS(1.0),03/05/23 23:00:00,A,THS_PER,F,IT,2010,119.9,e
ESTAT:ISOC_SKS_ITSPS(1.0),03/05/23 23:00:00,A,THS_PER,F,IT,2011,98.8,be
ESTAT:ISOC_SKS_ITSPS(1.0),03/05/23 23:00:00,A,THS_PER,F,IT,2012,113.9,e
ESTAT:ISOC_SKS_ITSPS(1.0),03/05/23 23:00:00,A,THS_PER,F,IT,2013,102.6,e
ESTAT:ISOC_SKS_ITSPS(1.0),03/05/23 23:00:00,A,THS_PER,F,IT,2014,102.7,e
ESTAT:ISOC_SKS_ITSPS(1.0),03/05/23 23:00:00,A,THS_PER,F,IT,2015,107.5,e
ESTAT:ISOC_SKS_ITSPS(1.0),03/05/23 23:00:00,A,THS_PER,F,IT,2016,116.4,e
ESTAT:ISOC_SKS_ITSPS(1.0),03/05/23 23:00:00,A,THS_PER,F,IT,2017,124.7,e
ESTAT:ISOC_SKS_ITSPS(1.0),03/05/23 23:00:00,A,THS_PER,F,IT,2018,123.9,e
ESTAT:ISOC_SKS_ITSPS(1.0),03/05/23 23:00:00,A,THS_PER,F,IT,2019,124.1,e
ESTAT:ISOC_SKS_ITSPS(1.0),03/05/23 23:00:00,A,THS_PER,F,IT,2020,130.6,e
ESTAT:ISOC_SKS_ITSPS(1.0),03/05/23 23:00:00,A,THS_PER,F,IT,2021,136.7,be
ESTAT:ISOC_SKS_ITSPS(1.0),03/05/23 23:00:00,A,THS_PER,F,IT,2022,143.5,e
ESTAT:ISOC_SKS_ITSPS(1.0),03/05/23 23:00:00,A,THS_PER,F,LT,2009,8.6,
ESTAT:ISOC_SKS_ITSPS(1.0),03/05/23 23:00:00,A,THS_PER,F,LT,2010,7.4,u
ESTAT:ISOC_SKS_ITSPS(1.0),03/05/23 23:00:00,A,THS_PER,F,LT,2011,,bu
ESTAT:ISOC_SKS_ITSPS(1.0),03/05/23 23:00:00,A,THS_PER,F,LT,2012,5.7,u
ESTAT:ISOC_SKS_ITSPS(1.0),03/05/23 23:00:00,A,THS_PER,F,LT,2013,4.2,u
ESTAT:ISOC_SKS_ITSPS(1.0),03/05/23 23:00:00,A,THS_PER,F,LT,2014,3.9,u
ESTAT:ISOC_SKS_ITSPS(1.0),03/05/23 23:00:00,A,THS_PER,F,LT,2015,5.8,e
ESTAT:ISOC_SKS_ITSPS(1.0),03/05/23 23:00:00,A,THS_PER,F,LT,2016,8.6,e
ESTAT:ISOC_SKS_ITSPS(1.0),03/05/23 23:00:00,A,THS_PER,F,LT,2017,9.6,e
ESTAT:ISOC_SKS_ITSPS(1.0),03/05/23 23:00:00,A,THS_PER,F,LT,2018,9.7,e
ESTAT:ISOC_SKS_ITSPS(1.0),03/05/23 23:00:00,A,THS_PER,F,LT,2019,10.2,e
ESTAT:ISOC_SKS_ITSPS(1.0),03/05/23 23:00:00,A,THS_PER,F,LT,2020,10.5,e
ESTAT:ISOC_SKS_ITSPS(1.0),03/05/23 23:00:00,A,THS_PER,F,LT,2021,12.4,be
ESTAT:ISOC_SKS_ITSPS(1.0),03/05/23 23:00:00,A,THS_PER,F,LT,2022,14.2,e
ESTAT:ISOC_SKS_ITSPS(1.0),03/05/23 23:00:00,A,THS_PER,F,LU,2009,1.5,be
ESTAT:ISOC_SKS_ITSPS(1.0),03/05/23 23:00:00,A,THS_PER,F,LU,2010,1.4,e
ESTAT:ISOC_SKS_ITSPS(1.0),03/05/23 23:00:00,A,THS_PER,F,LU,2011,1.2,be
ESTAT:ISOC_SKS_ITSPS(1.0),03/05/23 23:00:00,A,THS_PER,F,LU,2012,1.2,e
ESTAT:ISOC_SKS_ITSPS(1.0),03/05/23 23:00:00,A,THS_PER,F,LU,2013,1.4,e
ESTAT:ISOC_SKS_ITSPS(1.0),03/05/23 23:00:00,A,THS_PER,F,LU,2014,1.5,e
ESTAT:ISOC_SKS_ITSPS(1.0),03/05/23 23:00:00,A,THS_PER,F,LU,2015,1.8,be
ESTAT:ISOC_SKS_ITSPS(1.0),03/05/23 23:00:00,A,THS_PER,F,LU,2016,1.7,e
ESTAT:ISOC_SKS_ITSPS(1.0),03/05/23 23:00:00,A,THS_PER,F,LU,2017,1.6,e
ESTAT:ISOC_SKS_ITSPS(1.0),03/05/23 23:00:00,A,THS_PER,F,LU,2018,2.3,e
ESTAT:ISOC_SKS_ITSPS(1.0),03/05/23 23:00:00,A,THS_PER,F,LU,2019,2.8,e
ESTAT:ISOC_SKS_ITSPS(1.0),03/05/23 23:00:00,A,THS_PER,F,LU,2020,3.7,e
ESTAT:ISOC_SKS_ITSPS(1.0),03/05/23 23:00:00,A,THS_PER,F,LU,2021,4.0,be
ESTAT:ISOC_SKS_ITSPS(1.0),03/05/23 23:00:00,A,THS_PER,F,LU,2022,5.0,e
ESTAT:ISOC_SKS_ITSPS(1.0),03/05/23 23:00:00,A,THS_PER,F,LV,2009,7.3,e
ESTAT:ISOC_SKS_ITSPS(1.0),03/05/23 23:00:00,A,THS_PER,F,LV,2010,7.0,e
ESTAT:ISOC_SKS_ITSPS(1.0),03/05/23 23:00:00,A,THS_PER,F,LV,2011,5.3,be
ESTAT:ISOC_SKS_ITSPS(1.0),03/05/23 23:00:00,A,THS_PER,F,LV,2012,4.2,e
ESTAT:ISOC_SKS_ITSPS(1.0),03/05/23 23:00:00,A,THS_PER,F,LV,2013,5.1,e
ESTAT:ISOC_SKS_ITSPS(1.0),03/05/23 23:00:00,A,THS_PER,F,LV,2014,5.9,e
ESTAT:ISOC_SKS_ITSPS(1.0),03/05/23 23:00:00,A,THS_PER,F,LV,2015,6.7,e
ESTAT:ISOC_SKS_ITSPS(1.0),03/05/23 23:00:00,A,THS_PER,F,LV,2016,6.5,e
ESTAT:ISOC_SKS_ITSPS(1.0),03/05/23 23:00:00,A,THS_PER,F,LV,2017,6.5,e
ESTAT:ISOC_SKS_ITSPS(1.0),03/05/23 23:00:00,A,THS_PER,F,LV,2018,4.7,e
ESTAT:ISOC_SKS_ITSPS(1.0),03/05/23 23:00:00,A,THS_PER,F,LV,2019,6.9,e
ESTAT:ISOC_SKS_ITSPS(1.0),03/05/23 23:00:00,A,THS_PER,F,LV,2020,7.6,e
ESTAT:ISOC_SKS_ITSPS(1.0),03/05/23 23:00:00,A,THS_PER,F,LV,2021,7.5,be
ESTAT:ISOC_SKS_ITSPS(1.0),03/05/23 23:00:00,A,THS_PER,F,LV,2022,9.0,e
ESTAT:ISOC_SKS_ITSPS(1.0),03/05/23 23:00:00,A,THS_PER,F,ME,2009,,
ESTAT:ISOC_SKS_ITSPS(1.0),03/05/23 23:00:00,A,THS_PER,F,ME,2010,,
ESTAT:ISOC_SKS_ITSPS(1.0),03/05/23 23:00:00,A,THS_PER,F,ME,2011,,bu
ESTAT:ISOC_SKS_ITSPS(1.0),03/05/23 23:00:00,A,THS_PER,F,ME,2012,1.3,u
ESTAT:ISOC_SKS_ITSPS(1.0),03/05/23 23:00:00,A,THS_PER,F,ME,2013,1.2,u
ESTAT:ISOC_SKS_ITSPS(1.0),03/05/23 23:00:00,A,THS_PER,F,ME,2014,,u
ESTAT:ISOC_SKS_ITSPS(1.0),03/05/23 23:00:00,A,THS_PER,F,ME,2015,,u
ESTAT:ISOC_SKS_ITSPS(1.0),03/05/23 23:00:00,A,THS_PER,F,ME,2016,,u
ESTAT:ISOC_SKS_ITSPS(1.0),03/05/23 23:00:00,A,THS_PER,F,ME,2017,1.7,u
ESTAT:ISOC_SKS_ITSPS(1.0),03/05/23 23:00:00,A,THS_PER,F,ME,2018,1.3,u
ESTAT:ISOC_SKS_ITSPS(1.0),03/05/23 23:00:00,A,THS_PER,F,ME,2019,,u
ESTAT:ISOC_SKS_ITSPS(1.0),03/05/23 23:00:00,A,THS_PER,F,ME,2020,,u
ESTAT:ISOC_SKS_ITSPS(1.0),03/05/23 23:00:00,A,THS_PER,F,ME,2021,,
ESTAT:ISOC_SKS_ITSPS(1.0),03/05/23 23:00:00,A,THS_PER,F,ME,2022,,
ESTAT:ISOC_SKS_ITSPS(1.0),03/05/23 23:00:00,A,THS_PER,F,MK,2009,,
ESTAT:ISOC_SKS_ITSPS(1.0),03/05/23 23:00:00,A,THS_PER,F,MK,2010,,
ESTAT:ISOC_SKS_ITSPS(1.0),03/05/23 23:00:00,A,THS_PER,F,MK,2011,2.1,be
ESTAT:ISOC_SKS_ITSPS(1.0),03/05/23 23:00:00,A,THS_PER,F,MK,2012,2.1,e
ESTAT:ISOC_SKS_ITSPS(1.0),03/05/23 23:00:00,A,THS_PER,F,MK,2013,2.5,e
ESTAT:ISOC_SKS_ITSPS(1.0),03/05/23 23:00:00,A,THS_PER,F,MK,2014,3.1,e
ESTAT:ISOC_SKS_ITSPS(1.0),03/05/23 23:00:00,A,THS_PER,F,MK,2015,2.8,e
ESTAT:ISOC_SKS_ITSPS(1.0),03/05/23 23:00:00,A,THS_PER,F,MK,2016,3.6,e
ESTAT:ISOC_SKS_ITSPS(1.0),03/05/23 23:00:00,A,THS_PER,F,MK,2017,3.3,e
ESTAT:ISOC_SKS_ITSPS(1.0),03/05/23 23:00:00,A,THS_PER,F,MK,2018,3.0,e
ESTAT:ISOC_SKS_ITSPS(1.0),03/05/23 23:00:00,A,THS_PER,F,MK,2019,3.8,e
ESTAT:ISOC_SKS_ITSPS(1.0),03/05/23 23:00:00,A,THS_PER,F,MK,2020,4.3,e
ESTAT:ISOC_SKS_ITSPS(1.0),03/05/23 23:00:00,A,THS_PER,F,MK,2021,,
ESTAT:ISOC_SKS_ITSPS(1.0),03/05/23 23:00:00,A,THS_PER,F,MK,2022,,
ESTAT:ISOC_SKS_ITSPS(1.0),03/05/23 23:00:00,A,THS_PER,F,MT,2009,1.8,e
ESTAT:ISOC_SKS_ITSPS(1.0),03/05/23 23:00:00,A,THS_PER,F,MT,2010,2.2,e
ESTAT:ISOC_SKS_ITSPS(1.0),03/05/23 23:00:00,A,THS_PER,F,MT,2011,1.0,be
ESTAT:ISOC_SKS_ITSPS(1.0),03/05/23 23:00:00,A,THS_PER,F,MT,2012,0.6,u
ESTAT:ISOC_SKS_ITSPS(1.0),03/05/23 23:00:00,A,THS_PER,F,MT,2013,0.8,u
ESTAT:ISOC_SKS_ITSPS(1.0),03/05/23 23:00:00,A,THS_PER,F,MT,2014,1.0,e
ESTAT:ISOC_SKS_ITSPS(1.0),03/05/23 23:00:00,A,THS_PER,F,MT,2015,1.3,e
ESTAT:ISOC_SKS_ITSPS(1.0),03/05/23 23:00:00,A,THS_PER,F,MT,2016,1.0,e
ESTAT:ISOC_SKS_ITSPS(1.0),03/05/23 23:00:00,A,THS_PER,F,MT,2017,1.0,e
ESTAT:ISOC_SKS_ITSPS(1.0),03/05/23 23:00:00,A,THS_PER,F,MT,2018,2.0,e
ESTAT:ISOC_SKS_ITSPS(1.0),03/05/23 23:00:00,A,THS_PER,F,MT,2019,1.3,e
ESTAT:ISOC_SKS_ITSPS(1.0),03/05/23 23:00:00,A,THS_PER,F,MT,2020,1.2,e
ESTAT:ISOC_SKS_ITSPS(1.0),03/05/23 23:00:00,A,THS_PER,F,MT,2021,2.9,be
ESTAT:ISOC_SKS_ITSPS(1.0),03/05/23 23:00:00,A,THS_PER,F,MT,2022,2.5,e
ESTAT:ISOC_SKS_ITSPS(1.0),03/05/23 23:00:00,A,THS_PER,F,NL,2009,48.6,e
ESTAT:ISOC_SKS_ITSPS(1.0),03/05/23 23:00:00,A,THS_PER,F,NL,2010,47.8,e
ESTAT:ISOC_SKS_ITSPS(1.0),03/05/23 23:00:00,A,THS_PER,F,NL,2011,48.7,be
ESTAT:ISOC_SKS_ITSPS(1.0),03/05/23 23:00:00,A,THS_PER,F,NL,2012,49.3,e
ESTAT:ISOC_SKS_ITSPS(1.0),03/05/23 23:00:00,A,THS_PER,F,NL,2013,55.4,be
ESTAT:ISOC_SKS_ITSPS(1.0),03/05/23 23:00:00,A,THS_PER,F,NL,2014,52.0,
ESTAT:ISOC_SKS_ITSPS(1.0),03/05/23 23:00:00,A,THS_PER,F,NL,2015,57.5,
ESTAT:ISOC_SKS_ITSPS(1.0),03/05/23 23:00:00,A,THS_PER,F,NL,2016,64.3,
ESTAT:ISOC_SKS_ITSPS(1.0),03/05/23 23:00:00,A,THS_PER,F,NL,2017,70.6,
ESTAT:ISOC_SKS_ITSPS(1.0),03/05/23 23:00:00,A,THS_PER,F,NL,2018,74.5,
ESTAT:ISOC_SKS_ITSPS(1.0),03/05/23 23:00:00,A,THS_PER,F,NL,2019,87.2,
ESTAT:ISOC_SKS_ITSPS(1.0),03/05/23 23:00:00,A,THS_PER,F,NL,2020,92.9,
ESTAT:ISOC_SKS_ITSPS(1.0),03/05/23 23:00:00,A,THS_PER,F,NL,2021,108.8,b
ESTAT:ISOC_SKS_ITSPS(1.0),03/05/23 23:00:00,A,THS_PER,F,NL,2022,133.1,e
ESTAT:ISOC_SKS_ITSPS(1.0),03/05/23 23:00:00,A,THS_PER,F,NO,2009,,
ESTAT:ISOC_SKS_ITSPS(1.0),03/05/23 23:00:00,A,THS_PER,F,NO,2010,,
ESTAT:ISOC_SKS_ITSPS(1.0),03/05/23 23:00:00,A,THS_PER,F,NO,2011,18.4,be
ESTAT:ISOC_SKS_ITSPS(1.0),03/05/23 23:00:00,A,THS_PER,F,NO,2012,18.3,e
ESTAT:ISOC_SKS_ITSPS(1.0),03/05/23 23:00:00,A,THS_PER,F,NO,2013,18.9,e
ESTAT:ISOC_SKS_ITSPS(1.0),03/05/23 23:00:00,A,THS_PER,F,NO,2014,19.8,e
ESTAT:ISOC_SKS_ITSPS(1.0),03/05/23 23:00:00,A,THS_PER,F,NO,2015,22.2,e
ESTAT:ISOC_SKS_ITSPS(1.0),03/05/23 23:00:00,A,THS_PER,F,NO,2016,19.3,e
ESTAT:ISOC_SKS_ITSPS(1.0),03/05/23 23:00:00,A,THS_PER,F,NO,2017,22.8,e
ESTAT:ISOC_SKS_ITSPS(1.0),03/05/23 23:00:00,A,THS_PER,F,NO,2018,27.0,e
ESTAT:ISOC_SKS_ITSPS(1.0),03/05/23 23:00:00,A,THS_PER,F,NO,2019,26.0,e
ESTAT:ISOC_SKS_ITSPS(1.0),03/05/23 23:00:00,A,THS_PER,F,NO,2020,26.4,e
ESTAT:ISOC_SKS_ITSPS(1.0),03/05/23 23:00:00,A,THS_PER,F,NO,2021,28.6,be
ESTAT:ISOC_SKS_ITSPS(1.0),03/05/23 23:00:00,A,THS_PER,F,NO,2022,29.2,
ESTAT:ISOC_SKS_ITSPS(1.0),03/05/23 23:00:00,A,THS_PER,F,PL,2009,151.9,e
ESTAT:ISOC_SKS_ITSPS(1.0),03/05/23 23:00:00,A,THS_PER,F,PL,2010,140.5,be
ESTAT:ISOC_SKS_ITSPS(1.0),03/05/23 23:00:00,A,THS_PER,F,PL,2011,50.5,be
ESTAT:ISOC_SKS_ITSPS(1.0),03/05/23 23:00:00,A,THS_PER,F,PL,2012,63.4,e
ESTAT:ISOC_SKS_ITSPS(1.0),03/05/23 23:00:00,A,THS_PER,F,PL,2013,58.1,e
ESTAT:ISOC_SKS_ITSPS(1.0),03/05/23 23:00:00,A,THS_PER,F,PL,2014,58.1,e
ESTAT:ISOC_SKS_ITSPS(1.0),03/05/23 23:00:00,A,THS_PER,F,PL,2015,57.9,e
ESTAT:ISOC_SKS_ITSPS(1.0),03/05/23 23:00:00,A,THS_PER,F,PL,2016,63.2,e
ESTAT:ISOC_SKS_ITSPS(1.0),03/05/23 23:00:00,A,THS_PER,F,PL,2017,67.1,
ESTAT:ISOC_SKS_ITSPS(1.0),03/05/23 23:00:00,A,THS_PER,F,PL,2018,68.0,
ESTAT:ISOC_SKS_ITSPS(1.0),03/05/23 23:00:00,A,THS_PER,F,PL,2019,73.7,e
ESTAT:ISOC_SKS_ITSPS(1.0),03/05/23 23:00:00,A,THS_PER,F,PL,2020,83.6,e
ESTAT:ISOC_SKS_ITSPS(1.0),03/05/23 23:00:00,A,THS_PER,F,PL,2021,90.8,be
ESTAT:ISOC_SKS_ITSPS(1.0),03/05/23 23:00:00,A,THS_PER,F,PL,2022,100.3,
ESTAT:ISOC_SKS_ITSPS(1.0),03/05/23 23:00:00,A,THS_PER,F,PT,2009,35.5,e
ESTAT:ISOC_SKS_ITSPS(1.0),03/05/23 23:00:00,A,THS_PER,F,PT,2010,40.6,e
ESTAT:ISOC_SKS_ITSPS(1.0),03/05/23 23:00:00,A,THS_PER,F,PT,2011,16.0,be
ESTAT:ISOC_SKS_ITSPS(1.0),03/05/23 23:00:00,A,THS_PER,F,PT,2012,13.5,e
ESTAT:ISOC_SKS_ITSPS(1.0),03/05/23 23:00:00,A,THS_PER,F,PT,2013,13.8,e
ESTAT:ISOC_SKS_ITSPS(1.0),03/05/23 23:00:00,A,THS_PER,F,PT,2014,20.7,e
ESTAT:ISOC_SKS_ITSPS(1.0),03/05/23 23:00:00,A,THS_PER,F,PT,2015,22.9,e
ESTAT:ISOC_SKS_ITSPS(1.0),03/05/23 23:00:00,A,THS_PER,F,PT,2016,24.4,e
ESTAT:ISOC_SKS_ITSPS(1.0),03/05/23 23:00:00,A,THS_PER,F,PT,2017,23.3,e
ESTAT:ISOC_SKS_ITSPS(1.0),03/05/23 23:00:00,A,THS_PER,F,PT,2018,25.7,e
ESTAT:ISOC_SKS_ITSPS(1.0),03/05/23 23:00:00,A,THS_PER,F,PT,2019,30.3,e
ESTAT:ISOC_SKS_ITSPS(1.0),03/05/23 23:00:00,A,THS_PER,F,PT,2020,39.4,e
ESTAT:ISOC_SKS_ITSPS(1.0),03/05/23 23:00:00,A,THS_PER,F,PT,2021,46.7,b
ESTAT:ISOC_SKS_ITSPS(1.0),03/05/23 23:00:00,A,THS_PER,F,PT,2022,44.8,
ESTAT:ISOC_SKS_ITSPS(1.0),03/05/23 23:00:00,A,THS_PER,F,RO,2009,62.2,e
ESTAT:ISOC_SKS_ITSPS(1.0),03/05/23 23:00:00,A,THS_PER,F,RO,2010,47.8,be
ESTAT:ISOC_SKS_ITSPS(1.0),03/05/23 23:00:00,A,THS_PER,F,RO,2011,27.2,be
ESTAT:ISOC_SKS_ITSPS(1.0),03/05/23 23:00:00,A,THS_PER,F,RO,2012,29.7,e
ESTAT:ISOC_SKS_ITSPS(1.0),03/05/23 23:00:00,A,THS_PER,F,RO,2013,32.2,e
ESTAT:ISOC_SKS_ITSPS(1.0),03/05/23 23:00:00,A,THS_PER,F,RO,2014,30.1,
ESTAT:ISOC_SKS_ITSPS(1.0),03/05/23 23:00:00,A,THS_PER,F,RO,2015,44.0,e
ESTAT:ISOC_SKS_ITSPS(1.0),03/05/23 23:00:00,A,THS_PER,F,RO,2016,44.1,
ESTAT:ISOC_SKS_ITSPS(1.0),03/05/23 23:00:00,A,THS_PER,F,RO,2017,47.7,
ESTAT:ISOC_SKS_ITSPS(1.0),03/05/23 23:00:00,A,THS_PER,F,RO,2018,45.1,e
ESTAT:ISOC_SKS_ITSPS(1.0),03/05/23 23:00:00,A,THS_PER,F,RO,2019,46.4,e
ESTAT:ISOC_SKS_ITSPS(1.0),03/05/23 23:00:00,A,THS_PER,F,RO,2020,53.2,e
ESTAT:ISOC_SKS_ITSPS(1.0),03/05/23 23:00:00,A,THS_PER,F,RO,2021,52.8,be
ESTAT:ISOC_SKS_ITSPS(1.0),03/05/23 23:00:00,A,THS_PER,F,RO,2022,54.3,e
ESTAT:ISOC_SKS_ITSPS(1.0),03/05/23 23:00:00,A,THS_PER,F,RS,2009,,
ESTAT:ISOC_SKS_ITSPS(1.0),03/05/23 23:00:00,A,THS_PER,F,RS,2010,,
ESTAT:ISOC_SKS_ITSPS(1.0),03/05/23 23:00:00,A,THS_PER,F,RS,2011,,
ESTAT:ISOC_SKS_ITSPS(1.0),03/05/23 23:00:00,A,THS_PER,F,RS,2012,,
ESTAT:ISOC_SKS_ITSPS(1.0),03/05/23 23:00:00,A,THS_PER,F,RS,2013,8.0,e
ESTAT:ISOC_SKS_ITSPS(1.0),03/05/23 23:00:00,A,THS_PER,F,RS,2014,7.6,be
ESTAT:ISOC_SKS_ITSPS(1.0),03/05/23 23:00:00,A,THS_PER,F,RS,2015,9.9,e
ESTAT:ISOC_SKS_ITSPS(1.0),03/05/23 23:00:00,A,THS_PER,F,RS,2016,13.0,e
ESTAT:ISOC_SKS_ITSPS(1.0),03/05/23 23:00:00,A,THS_PER,F,RS,2017,14.3,e
ESTAT:ISOC_SKS_ITSPS(1.0),03/05/23 23:00:00,A,THS_PER,F,RS,2018,13.2,e
ESTAT:ISOC_SKS_ITSPS(1.0),03/05/23 23:00:00,A,THS_PER,F,RS,2019,16.1,e
ESTAT:ISOC_SKS_ITSPS(1.0),03/05/23 23:00:00,A,THS_PER,F,RS,2020,19.9,e
ESTAT:ISOC_SKS_ITSPS(1.0),03/05/23 23:00:00,A,THS_PER,F,RS,2021,22.2,b
ESTAT:ISOC_SKS_ITSPS(1.0),03/05/23 23:00:00,A,THS_PER,F,RS,2022,23.0,e
ESTAT:ISOC_SKS_ITSPS(1.0),03/05/23 23:00:00,A,THS_PER,F,SE,2009,60.7,e
ESTAT:ISOC_SKS_ITSPS(1.0),03/05/23 23:00:00,A,THS_PER,F,SE,2010,60.2,e
ESTAT:ISOC_SKS_ITSPS(1.0),03/05/23 23:00:00,A,THS_PER,F,SE,2011,49.1,b
ESTAT:ISOC_SKS_ITSPS(1.0),03/05/23 23:00:00,A,THS_PER,F,SE,2012,52.3,
ESTAT:ISOC_SKS_ITSPS(1.0),03/05/23 23:00:00,A,THS_PER,F,SE,2013,52.4,
ESTAT:ISOC_SKS_ITSPS(1.0),03/05/23 23:00:00,A,THS_PER,F,SE,2014,53.0,
ESTAT:ISOC_SKS_ITSPS(1.0),03/05/23 23:00:00,A,THS_PER,F,SE,2015,55.6,
ESTAT:ISOC_SKS_ITSPS(1.0),03/05/23 23:00:00,A,THS_PER,F,SE,2016,64.7,
ESTAT:ISOC_SKS_ITSPS(1.0),03/05/23 23:00:00,A,THS_PER,F,SE,2017,69.6,
ESTAT:ISOC_SKS_ITSPS(1.0),03/05/23 23:00:00,A,THS_PER,F,SE,2018,72.4,b
ESTAT:ISOC_SKS_ITSPS(1.0),03/05/23 23:00:00,A,THS_PER,F,SE,2019,73.8,e
ESTAT:ISOC_SKS_ITSPS(1.0),03/05/23 23:00:00,A,THS_PER,F,SE,2020,80.9,e
ESTAT:ISOC_SKS_ITSPS(1.0),03/05/23 23:00:00,A,THS_PER,F,SE,2021,89.1,b
ESTAT:ISOC_SKS_ITSPS(1.0),03/05/23 23:00:00,A,THS_PER,F,SE,2022,102.7,
ESTAT:ISOC_SKS_ITSPS(1.0),03/05/23 23:00:00,A,THS_PER,F,SI,2009,8.8,e
ESTAT:ISOC_SKS_ITSPS(1.0),03/05/23 23:00:00,A,THS_PER,F,SI,2010,9.2,e
ESTAT:ISOC_SKS_ITSPS(1.0),03/05/23 23:00:00,A,THS_PER,F,SI,2011,5.2,b
ESTAT:ISOC_SKS_ITSPS(1.0),03/05/23 23:00:00,A,THS_PER,F,SI,2012,4.4,e
ESTAT:ISOC_SKS_ITSPS(1.0),03/05/23 23:00:00,A,THS_PER,F,SI,2013,3.9,u
ESTAT:ISOC_SKS_ITSPS(1.0),03/05/23 23:00:00,A,THS_PER,F,SI,2014,4.4,e
ESTAT:ISOC_SKS_ITSPS(1.0),03/05/23 23:00:00,A,THS_PER,F,SI,2015,5.3,e
ESTAT:ISOC_SKS_ITSPS(1.0),03/05/23 23:00:00,A,THS_PER,F,SI,2016,5.6,
ESTAT:ISOC_SKS_ITSPS(1.0),03/05/23 23:00:00,A,THS_PER,F,SI,2017,5.9,e
ESTAT:ISOC_SKS_ITSPS(1.0),03/05/23 23:00:00,A,THS_PER,F,SI,2018,6.5,e
ESTAT:ISOC_SKS_ITSPS(1.0),03/05/23 23:00:00,A,THS_PER,F,SI,2019,7.5,e
ESTAT:ISOC_SKS_ITSPS(1.0),03/05/23 23:00:00,A,THS_PER,F,SI,2020,7.3,e
ESTAT:ISOC_SKS_ITSPS(1.0),03/05/23 23:00:00,A,THS_PER,F,SI,2021,7.7,be
ESTAT:ISOC_SKS_ITSPS(1.0),03/05/23 23:00:00,A,THS_PER,F,SI,2022,7.9,e
ESTAT:ISOC_SKS_ITSPS(1.0),03/05/23 23:00:00,A,THS_PER,F,SK,2009,27.1,e
ESTAT:ISOC_SKS_ITSPS(1.0),03/05/23 23:00:00,A,THS_PER,F,SK,2010,29.6,e
ESTAT:ISOC_SKS_ITSPS(1.0),03/05/23 23:00:00,A,THS_PER,F,SK,2011,11.0,be
ESTAT:ISOC_SKS_ITSPS(1.0),03/05/23 23:00:00,A,THS_PER,F,SK,2012,7.9,e
ESTAT:ISOC_SKS_ITSPS(1.0),03/05/23 23:00:00,A,THS_PER,F,SK,2013,5.4,e
ESTAT:ISOC_SKS_ITSPS(1.0),03/05/23 23:00:00,A,THS_PER,F,SK,2014,8.0,e
ESTAT:ISOC_SKS_ITSPS(1.0),03/05/23 23:00:00,A,THS_PER,F,SK,2015,8.2,e
ESTAT:ISOC_SKS_ITSPS(1.0),03/05/23 23:00:00,A,THS_PER,F,SK,2016,7.1,e
ESTAT:ISOC_SKS_ITSPS(1.0),03/05/23 23:00:00,A,THS_PER,F,SK,2017,10.3,e
ESTAT:ISOC_SKS_ITSPS(1.0),03/05/23 23:00:00,A,THS_PER,F,SK,2018,10.8,e
ESTAT:ISOC_SKS_ITSPS(1.0),03/05/23 23:00:00,A,THS_PER,F,SK,2019,13.5,e
ESTAT:ISOC_SKS_ITSPS(1.0),03/05/23 23:00:00,A,THS_PER,F,SK,2020,16.9,e
ESTAT:ISOC_SKS_ITSPS(1.0),03/05/23 23:00:00,A,THS_PER,F,SK,2021,16.5,be
ESTAT:ISOC_SKS_ITSPS(1.0),03/05/23 23:00:00,A,THS_PER,F,SK,2022,16.8,e
ESTAT:ISOC_SKS_ITSPS(1.0),03/05/23 23:00:00,A,THS_PER,F,TR,2009,,
ESTAT:ISOC_SKS_ITSPS(1.0),03/05/23 23:00:00,A,THS_PER,F,TR,2010,,
ESTAT:ISOC_SKS_ITSPS(1.0),03/05/23 23:00:00,A,THS_PER,F,TR,2011,33.8,be
ESTAT:ISOC_SKS_ITSPS(1.0),03/05/23 23:00:00,A,THS_PER,F,TR,2012,40.7,be
ESTAT:ISOC_SKS_ITSPS(1.0),03/05/23 23:00:00,A,THS_PER,F,TR,2013,42.3,e
ESTAT:ISOC_SKS_ITSPS(1.0),03/05/23 23:00:00,A,THS_PER,F,TR,2014,43.2,be
ESTAT:ISOC_SKS_ITSPS(1.0),03/05/23 23:00:00,A,THS_PER,F,TR,2015,44.7,e
ESTAT:ISOC_SKS_ITSPS(1.0),03/05/23 23:00:00,A,THS_PER,F,TR,2016,43.5,e
ESTAT:ISOC_SKS_ITSPS(1.0),03/05/23 23:00:00,A,THS_PER,F,TR,2017,48.2,e
ESTAT:ISOC_SKS_ITSPS(1.0),03/05/23 23:00:00,A,THS_PER,F,TR,2018,51.5,e
ESTAT:ISOC_SKS_ITSPS(1.0),03/05/23 23:00:00,A,THS_PER,F,TR,2019,46.1,e
ESTAT:ISOC_SKS_ITSPS(1.0),03/05/23 23:00:00,A,THS_PER,F,TR,2020,61.2,e
ESTAT:ISOC_SKS_ITSPS(1.0),03/05/23 23:00:00,A,THS_PER,F,TR,2021,,
ESTAT:ISOC_SKS_ITSPS(1.0),03/05/23 23:00:00,A,THS_PER,F,TR,2022,,
ESTAT:ISOC_SKS_ITSPS(1.0),03/05/23 23:00:00,A,THS_PER,M,AT,2009,112.9,e
ESTAT:ISOC_SKS_ITSPS(1.0),03/05/23 23:00:00,A,THS_PER,M,AT,2010,114.1,e
ESTAT:ISOC_SKS_ITSPS(1.0),03/05/23 23:00:00,A,THS_PER,M,AT,2011,125.9,b
ESTAT:ISOC_SKS_ITSPS(1.0),03/05/23 23:00:00,A,THS_PER,M,AT,2012,122.5,
ESTAT:ISOC_SKS_ITSPS(1.0),03/05/23 23:00:00,A,THS_PER,M,AT,2013,131.2,
ESTAT:ISOC_SKS_ITSPS(1.0),03/05/23 23:00:00,A,THS_PER,M,AT,2014,129.4,
ESTAT:ISOC_SKS_ITSPS(1.0),03/05/23 23:00:00,A,THS_PER,M,AT,2015,142.9,
ESTAT:ISOC_SKS_ITSPS(1.0),03/05/23 23:00:00,A,THS_PER,M,AT,2016,148.5,e
ESTAT:ISOC_SKS_ITSPS(1.0),03/05/23 23:00:00,A,THS_PER,M,AT,2017,158.4,
ESTAT:ISOC_SKS_ITSPS(1.0),03/05/23 23:00:00,A,THS_PER,M,AT,2018,156.5,
ESTAT:ISOC_SKS_ITSPS(1.0),03/05/23 23:00:00,A,THS_PER,M,AT,2019,146.9,
ESTAT:ISOC_SKS_ITSPS(1.0),03/05/23 23:00:00,A,THS_PER,M,AT,2020,154.2,
ESTAT:ISOC_SKS_ITSPS(1.0),03/05/23 23:00:00,A,THS_PER,M,AT,2021,156.0,b
ESTAT:ISOC_SKS_ITSPS(1.0),03/05/23 23:00:00,A,THS_PER,M,AT,2022,177.9,
ESTAT:ISOC_SKS_ITSPS(1.0),03/05/23 23:00:00,A,THS_PER,M,BE,2009,148.3,e
ESTAT:ISOC_SKS_ITSPS(1.0),03/05/23 23:00:00,A,THS_PER,M,BE,2010,160.3,e
ESTAT:ISOC_SKS_ITSPS(1.0),03/05/23 23:00:00,A,THS_PER,M,BE,2011,151.8,be
ESTAT:ISOC_SKS_ITSPS(1.0),03/05/23 23:00:00,A,THS_PER,M,BE,2012,161.5,
ESTAT:ISOC_SKS_ITSPS(1.0),03/05/23 23:00:00,A,THS_PER,M,BE,2013,159.9,
ESTAT:ISOC_SKS_ITSPS(1.0),03/05/23 23:00:00,A,THS_PER,M,BE,2014,163.2,
ESTAT:ISOC_SKS_ITSPS(1.0),03/05/23 23:00:00,A,THS_PER,M,BE,2015,159.9,
ESTAT:ISOC_SKS_ITSPS(1.0),03/05/23 23:00:00,A,THS_PER,M,BE,2016,166.5,
ESTAT:ISOC_SKS_ITSPS(1.0),03/05/23 23:00:00,A,THS_PER,M,BE,2017,192.8,b
ESTAT:ISOC_SKS_ITSPS(1.0),03/05/23 23:00:00,A,THS_PER,M,BE,2018,203.8,
ESTAT:ISOC_SKS_ITSPS(1.0),03/05/23 23:00:00,A,THS_PER,M,BE,2019,198.1,
ESTAT:ISOC_SKS_ITSPS(1.0),03/05/23 23:00:00,A,THS_PER,M,BE,2020,198.8,
ESTAT:ISOC_SKS_ITSPS(1.0),03/05/23 23:00:00,A,THS_PER,M,BE,2021,218.6,b
ESTAT:ISOC_SKS_ITSPS(1.0),03/05/23 23:00:00,A,THS_PER,M,BE,2022,225.6,
ESTAT:ISOC_SKS_ITSPS(1.0),03/05/23 23:00:00,A,THS_PER,M,BG,2009,54.4,e
ESTAT:ISOC_SKS_ITSPS(1.0),03/05/23 23:00:00,A,THS_PER,M,BG,2010,52.2,be
ESTAT:ISOC_SKS_ITSPS(1.0),03/05/23 23:00:00,A,THS_PER,M,BG,2011,44.9,be
ESTAT:ISOC_SKS_ITSPS(1.0),03/05/23 23:00:00,A,THS_PER,M,BG,2012,48.9,e
ESTAT:ISOC_SKS_ITSPS(1.0),03/05/23 23:00:00,A,THS_PER,M,BG,2013,52.7,e
ESTAT:ISOC_SKS_ITSPS(1.0),03/05/23 23:00:00,A,THS_PER,M,BG,2014,51.0,e
ESTAT:ISOC_SKS_ITSPS(1.0),03/05/23 23:00:00,A,THS_PER,M,BG,2015,61.0,e
ESTAT:ISOC_SKS_ITSPS(1.0),03/05/23 23:00:00,A,THS_PER,M,BG,2016,65.3,e
ESTAT:ISOC_SKS_ITSPS(1.0),03/05/23 23:00:00,A,THS_PER,M,BG,2017,68.3,e
ESTAT:ISOC_SKS_ITSPS(1.0),03/05/23 23:00:00,A,THS_PER,M,BG,2018,72.4,e
ESTAT:ISOC_SKS_ITSPS(1.0),03/05/23 23:00:00,A,THS_PER,M,BG,2019,72.7,e
ESTAT:ISOC_SKS_ITSPS(1.0),03/05/23 23:00:00,A,THS_PER,M,BG,2020,74.2,
ESTAT:ISOC_SKS_ITSPS(1.0),03/05/23 23:00:00,A,THS_PER,M,BG,2021,77.6,be
ESTAT:ISOC_SKS_ITSPS(1.0),03/05/23 23:00:00,A,THS_PER,M,BG,2022,85.9,e
ESTAT:ISOC_SKS_ITSPS(1.0),03/05/23 23:00:00,A,THS_PER,M,CH,2009,,
ESTAT:ISOC_SKS_ITSPS(1.0),03/05/23 23:00:00,A,THS_PER,M,CH,2010,,
ESTAT:ISOC_SKS_ITSPS(1.0),03/05/23 23:00:00,A,THS_PER,M,CH,2011,160.5,b
ESTAT:ISOC_SKS_ITSPS(1.0),03/05/23 23:00:00,A,THS_PER,M,CH,2012,176.8,
ESTAT:ISOC_SKS_ITSPS(1.0),03/05/23 23:00:00,A,THS_PER,M,CH,2013,178.1,
ESTAT:ISOC_SKS_ITSPS(1.0),03/05/23 23:00:00,A,THS_PER,M,CH,2014,184.3,
ESTAT:ISOC_SKS_ITSPS(1.0),03/05/23 23:00:00,A,THS_PER,M,CH,2015,184.7,
ESTAT:ISOC_SKS_ITSPS(1.0),03/05/23 23:00:00,A,THS_PER,M,CH,2016,192.8,
ESTAT:ISOC_SKS_ITSPS(1.0),03/05/23 23:00:00,A,THS_PER,M,CH,2017,189.1,
ESTAT:ISOC_SKS_ITSPS(1.0),03/05/23 23:00:00,A,THS_PER,M,CH,2018,199.7,
ESTAT:ISOC_SKS_ITSPS(1.0),03/05/23 23:00:00,A,THS_PER,M,CH,2019,214.1,
ESTAT:ISOC_SKS_ITSPS(1.0),03/05/23 23:00:00,A,THS_PER,M,CH,2020,212.9,
ESTAT:ISOC_SKS_ITSPS(1.0),03/05/23 23:00:00,A,THS_PER,M,CH,2021,214.0,b
ESTAT:ISOC_SKS_ITSPS(1.0),03/05/23 23:00:00,A,THS_PER,M,CH,2022,224.7,
ESTAT:ISOC_SKS_ITSPS(1.0),03/05/23 23:00:00,A,THS_PER,M,CY,2009,7.8,be
ESTAT:ISOC_SKS_ITSPS(1.0),03/05/23 23:00:00,A,THS_PER,M,CY,2010,7.9,e
ESTAT:ISOC_SKS_ITSPS(1.0),03/05/23 23:00:00,A,THS_PER,M,CY,2011,8.0,be
ESTAT:ISOC_SKS_ITSPS(1.0),03/05/23 23:00:00,A,THS_PER,M,CY,2012,8.0,e
ESTAT:ISOC_SKS_ITSPS(1.0),03/05/23 23:00:00,A,THS_PER,M,CY,2013,8.3,e
ESTAT:ISOC_SKS_ITSPS(1.0),03/05/23 23:00:00,A,THS_PER,M,CY,2014,8.4,e
ESTAT:ISOC_SKS_ITSPS(1.0),03/05/23 23:00:00,A,THS_PER,M,CY,2015,7.7,
ESTAT:ISOC_SKS_ITSPS(1.0),03/05/23 23:00:00,A,THS_PER,M,CY,2016,7.6,
ESTAT:ISOC_SKS_ITSPS(1.0),03/05/23 23:00:00,A,THS_PER,M,CY,2017,9.0,
ESTAT:ISOC_SKS_ITSPS(1.0),03/05/23 23:00:00,A,THS_PER,M,CY,2018,10.5,
ESTAT:ISOC_SKS_ITSPS(1.0),03/05/23 23:00:00,A,THS_PER,M,CY,2019,9.2,
ESTAT:ISOC_SKS_ITSPS(1.0),03/05/23 23:00:00,A,THS_PER,M,CY,2020,10.5,
ESTAT:ISOC_SKS_ITSPS(1.0),03/05/23 23:00:00,A,THS_PER,M,CY,2021,13.4,b
ESTAT:ISOC_SKS_ITSPS(1.0),03/05/23 23:00:00,A,THS_PER,M,CY,2022,16.1,
ESTAT:ISOC_SKS_ITSPS(1.0),03/05/23 23:00:00,A,THS_PER,M,CZ,2009,173.9,e
ESTAT:ISOC_SKS_ITSPS(1.0),03/05/23 23:00:00,A,THS_PER,M,CZ,2010,178.4,be
ESTAT:ISOC_SKS_ITSPS(1.0),03/05/23 23:00:00,A,THS_PER,M,CZ,2011,152.4,b
ESTAT:ISOC_SKS_ITSPS(1.0),03/05/23 23:00:00,A,THS_PER,M,CZ,2012,146.4,
ESTAT:ISOC_SKS_ITSPS(1.0),03/05/23 23:00:00,A,THS_PER,M,CZ,2013,163.1,
ESTAT:ISOC_SKS_ITSPS(1.0),03/05/23 23:00:00,A,THS_PER,M,CZ,2014,167.0,
ESTAT:ISOC_SKS_ITSPS(1.0),03/05/23 23:00:00,A,THS_PER,M,CZ,2015,160.1,
ESTAT:ISOC_SKS_ITSPS(1.0),03/05/23 23:00:00,A,THS_PER,M,CZ,2016,170.0,
ESTAT:ISOC_SKS_ITSPS(1.0),03/05/23 23:00:00,A,THS_PER,M,CZ,2017,170.0,
ESTAT:ISOC_SKS_ITSPS(1.0),03/05/23 23:00:00,A,THS_PER,M,CZ,2018,191.0,
ESTAT:ISOC_SKS_ITSPS(1.0),03/05/23 23:00:00,A,THS_PER,M,CZ,2019,192.1,
ESTAT:ISOC_SKS_ITSPS(1.0),03/05/23 23:00:00,A,THS_PER,M,CZ,2020,197.2,
ESTAT:ISOC_SKS_ITSPS(1.0),03/05/23 23:00:00,A,THS_PER,M,CZ,2021,216.5,b
ESTAT:ISOC_SKS_ITSPS(1.0),03/05/23 23:00:00,A,THS_PER,M,CZ,2022,207.6,
ESTAT:ISOC_SKS_ITSPS(1.0),03/05/23 23:00:00,A,THS_PER,M,DE,2009,1143.1,e
ESTAT:ISOC_SKS_ITSPS(1.0),03/05/23 23:00:00,A,THS_PER,M,DE,2010,1189.5,be
ESTAT:ISOC_SKS_ITSPS(1.0),03/05/23 23:00:00,A,THS_PER,M,DE,2011,998.7,be
ESTAT:ISOC_SKS_ITSPS(1.0),03/05/23 23:00:00,A,THS_PER,M,DE,2012,1148.0,b
ESTAT:ISOC_SKS_ITSPS(1.0),03/05/23 23:00:00,A,THS_PER,M,DE,2013,1178.8,
ESTAT:ISOC_SKS_ITSPS(1.0),03/05/23 23:00:00,A,THS_PER,M,DE,2014,1183.4,
ESTAT:ISOC_SKS_ITSPS(1.0),03/05/23 23:00:00,A,THS_PER,M,DE,2015,1226.9,
ESTAT:ISOC_SKS_ITSPS(1.0),03/05/23 23:00:00,A,THS_PER,M,DE,2016,1285.6,
ESTAT:ISOC_SKS_ITSPS(1.0),03/05/23 23:00:00,A,THS_PER,M,DE,2017,1298.3,
ESTAT:ISOC_SKS_ITSPS(1.0),03/05/23 23:00:00,A,THS_PER,M,DE,2018,1349.9,
ESTAT:ISOC_SKS_ITSPS(1.0),03/05/23 23:00:00,A,THS_PER,M,DE,2019,1403.7,
ESTAT:ISOC_SKS_ITSPS(1.0),03/05/23 23:00:00,A,THS_PER,M,DE,2020,1594.3,b
ESTAT:ISOC_SKS_ITSPS(1.0),03/05/23 23:00:00,A,THS_PER,M,DE,2021,1622.7,b
ESTAT:ISOC_SKS_ITSPS(1.0),03/05/23 23:00:00,A,THS_PER,M,DE,2022,1712.8,
ESTAT:ISOC_SKS_ITSPS(1.0),03/05/23 23:00:00,A,THS_PER,M,DK,2009,99.4,e
ESTAT:ISOC_SKS_ITSPS(1.0),03/05/23 23:00:00,A,THS_PER,M,DK,2010,99.3,e
ESTAT:ISOC_SKS_ITSPS(1.0),03/05/23 23:00:00,A,THS_PER,M,DK,2011,91.4,be
ESTAT:ISOC_SKS_ITSPS(1.0),03/05/23 23:00:00,A,THS_PER,M,DK,2012,100.0,e
ESTAT:ISOC_SKS_ITSPS(1.0),03/05/23 23:00:00,A,THS_PER,M,DK,2013,102.3,e
ESTAT:ISOC_SKS_ITSPS(1.0),03/05/23 23:00:00,A,THS_PER,M,DK,2014,99.2,e
ESTAT:ISOC_SKS_ITSPS(1.0),03/05/23 23:00:00,A,THS_PER,M,DK,2015,96.7,e
ESTAT:ISOC_SKS_ITSPS(1.0),03/05/23 23:00:00,A,THS_PER,M,DK,2016,105.4,be
ESTAT:ISOC_SKS_ITSPS(1.0),03/05/23 23:00:00,A,THS_PER,M,DK,2017,110.8,be
ESTAT:ISOC_SKS_ITSPS(1.0),03/05/23 23:00:00,A,THS_PER,M,DK,2018,111.2,e
ESTAT:ISOC_SKS_ITSPS(1.0),03/05/23 23:00:00,A,THS_PER,M,DK,2019,115.4,e
ESTAT:ISOC_SKS_ITSPS(1.0),03/05/23 23:00:00,A,THS_PER,M,DK,2020,116.4,e
ESTAT:ISOC_SKS_ITSPS(1.0),03/05/23 23:00:00,A,THS_PER,M,DK,2021,125.0,b
ESTAT:ISOC_SKS_ITSPS(1.0),03/05/23 23:00:00,A,THS_PER,M,DK,2022,133.4,
ESTAT:ISOC_SKS_ITSPS(1.0),03/05/23 23:00:00,A,THS_PER,M,EE,2009,14.0,e
ESTAT:ISOC_SKS_ITSPS(1.0),03/05/23 23:00:00,A,THS_PER,M,EE,2010,14.5,e
ESTAT:ISOC_SKS_ITSPS(1.0),03/05/23 23:00:00,A,THS_PER,M,EE,2011,16.0,b
ESTAT:ISOC_SKS_ITSPS(1.0),03/05/23 23:00:00,A,THS_PER,M,EE,2012,17.3,
ESTAT:ISOC_SKS_ITSPS(1.0),03/05/23 23:00:00,A,THS_PER,M,EE,2013,20.7,
ESTAT:ISOC_SKS_ITSPS(1.0),03/05/23 23:00:00,A,THS_PER,M,EE,2014,19.8,
ESTAT:ISOC_SKS_ITSPS(1.0),03/05/23 23:00:00,A,THS_PER,M,EE,2015,20.8,
ESTAT:ISOC_SKS_ITSPS(1.0),03/05/23 23:00:00,A,THS_PER,M,EE,2016,26.2,e
ESTAT:ISOC_SKS_ITSPS(1.0),03/05/23 23:00:00,A,THS_PER,M,EE,2017,27.3,
ESTAT:ISOC_SKS_ITSPS(1.0),03/05/23 23:00:00,A,THS_PER,M,EE,2018,27.6,
ESTAT:ISOC_SKS_ITSPS(1.0),03/05/23 23:00:00,A,THS_PER,M,EE,2019,29.1,
ESTAT:ISOC_SKS_ITSPS(1.0),03/05/23 23:00:00,A,THS_PER,M,EE,2020,31.3,e
ESTAT:ISOC_SKS_ITSPS(1.0),03/05/23 23:00:00,A,THS_PER,M,EE,2021,31.2,b
ESTAT:ISOC_SKS_ITSPS(1.0),03/05/23 23:00:00,A,THS_PER,M,EE,2022,33.8,
ESTAT:ISOC_SKS_ITSPS(1.0),03/05/23 23:00:00,A,THS_PER,M,EL,2009,80.0,be
ESTAT:ISOC_SKS_ITSPS(1.0),03/05/23 23:00:00,A,THS_PER,M,EL,2010,81.5,e
ESTAT:ISOC_SKS_ITSPS(1.0),03/05/23 23:00:00,A,THS_PER,M,EL,2011,58.8,be
ESTAT:ISOC_SKS_ITSPS(1.0),03/05/23 23:00:00,A,THS_PER,M,EL,2012,54.4,e
ESTAT:ISOC_SKS_ITSPS(1.0),03/05/23 23:00:00,A,THS_PER,M,EL,2013,55.6,e
ESTAT:ISOC_SKS_ITSPS(1.0),03/05/23 23:00:00,A,THS_PER,M,EL,2014,48.1,e
ESTAT:ISOC_SKS_ITSPS(1.0),03/05/23 23:00:00,A,THS_PER,M,EL,2015,48.1,e
ESTAT:ISOC_SKS_ITSPS(1.0),03/05/23 23:00:00,A,THS_PER,M,EL,2016,55.5,e
ESTAT:ISOC_SKS_ITSPS(1.0),03/05/23 23:00:00,A,THS_PER,M,EL,2017,64.6,e
ESTAT:ISOC_SKS_ITSPS(1.0),03/05/23 23:00:00,A,THS_PER,M,EL,2018,72.1,e
ESTAT:ISOC_SKS_ITSPS(1.0),03/05/23 23:00:00,A,THS_PER,M,EL,2019,63.8,e
ESTAT:ISOC_SKS_ITSPS(1.0),03/05/23 23:00:00,A,THS_PER,M,EL,2020,58.6,e
ESTAT:ISOC_SKS_ITSPS(1.0),03/05/23 23:00:00,A,THS_PER,M,EL,2021,73.8,b
ESTAT:ISOC_SKS_ITSPS(1.0),03/05/23 23:00:00,A,THS_PER,M,EL,2022,82.2,
ESTAT:ISOC_SKS_ITSPS(1.0),03/05/23 23:00:00,A,THS_PER,M,ES,2009,471.6,e
ESTAT:ISOC_SKS_ITSPS(1.0),03/05/23 23:00:00,A,THS_PER,M,ES,2010,486.9,e
ESTAT:ISOC_SKS_ITSPS(1.0),03/05/23 23:00:00,A,THS_PER,M,ES,2011,469.0,be
ESTAT:ISOC_SKS_ITSPS(1.0),03/05/23 23:00:00,A,THS_PER,M,ES,2012,457.5,e
ESTAT:ISOC_SKS_ITSPS(1.0),03/05/23 23:00:00,A,THS_PER,M,ES,2013,452.1,e
ESTAT:ISOC_SKS_ITSPS(1.0),03/05/23 23:00:00,A,THS_PER,M,ES,2014,459.3,e
ESTAT:ISOC_SKS_ITSPS(1.0),03/05/23 23:00:00,A,THS_PER,M,ES,2015,467.7,e
ESTAT:ISOC_SKS_ITSPS(1.0),03/05/23 23:00:00,A,THS_PER,M,ES,2016,509.8,e
ESTAT:ISOC_SKS_ITSPS(1.0),03/05/23 23:00:00,A,THS_PER,M,ES,2017,548.3,e
ESTAT:ISOC_SKS_ITSPS(1.0),03/05/23 23:00:00,A,THS_PER,M,ES,2018,575.8,e
ESTAT:ISOC_SKS_ITSPS(1.0),03/05/23 23:00:00,A,THS_PER,M,ES,2019,592.7,e
ESTAT:ISOC_SKS_ITSPS(1.0),03/05/23 23:00:00,A,THS_PER,M,ES,2020,601.4,e
ESTAT:ISOC_SKS_ITSPS(1.0),03/05/23 23:00:00,A,THS_PER,M,ES,2021,649.5,bd
ESTAT:ISOC_SKS_ITSPS(1.0),03/05/23 23:00:00,A,THS_PER,M,ES,2022,718.7,d
ESTAT:ISOC_SKS_ITSPS(1.0),03/05/23 23:00:00,A,THS_PER,M,FI,2009,102.7,e
ESTAT:ISOC_SKS_ITSPS(1.0),03/05/23 23:00:00,A,THS_PER,M,FI,2010,107.2,e
ESTAT:ISOC_SKS_ITSPS(1.0),03/05/23 23:00:00,A,THS_PER,M,FI,2011,114.5,b
ESTAT:ISOC_SKS_ITSPS(1.0),03/05/23 23:00:00,A,THS_PER,M,FI,2012,121.0,
ESTAT:ISOC_SKS_ITSPS(1.0),03/05/23 23:00:00,A,THS_PER,M,FI,2013,123.6,
ESTAT:ISOC_SKS_ITSPS(1.0),03/05/23 23:00:00,A,THS_PER,M,FI,2014,121.2,
ESTAT:ISOC_SKS_ITSPS(1.0),03/05/23 23:00:00,A,THS_PER,M,FI,2015,121.2,
ESTAT:ISOC_SKS_ITSPS(1.0),03/05/23 23:00:00,A,THS_PER,M,FI,2016,126.9,
ESTAT:ISOC_SKS_ITSPS(1.0),03/05/23 23:00:00,A,THS_PER,M,FI,2017,132.1,
ESTAT:ISOC_SKS_ITSPS(1.0),03/05/23 23:00:00,A,THS_PER,M,FI,2018,135.9,e
ESTAT:ISOC_SKS_ITSPS(1.0),03/05/23 23:00:00,A,THS_PER,M,FI,2019,137.7,
ESTAT:ISOC_SKS_ITSPS(1.0),03/05/23 23:00:00,A,THS_PER,M,FI,2020,146.8,
ESTAT:ISOC_SKS_ITSPS(1.0),03/05/23 23:00:00,A,THS_PER,M,FI,2021,143.0,b
ESTAT:ISOC_SKS_ITSPS(1.0),03/05/23 23:00:00,A,THS_PER,M,FI,2022,151.0,e
ESTAT:ISOC_SKS_ITSPS(1.0),03/05/23 23:00:00,A,THS_PER,M,FR,2009,809.9,e
ESTAT:ISOC_SKS_ITSPS(1.0),03/05/23 23:00:00,A,THS_PER,M,FR,2010,815.1,e
ESTAT:ISOC_SKS_ITSPS(1.0),03/05/23 23:00:00,A,THS_PER,M,FR,2011,562.7,be
ESTAT:ISOC_SKS_ITSPS(1.0),03/05/23 23:00:00,A,THS_PER,M,FR,2012,550.0,e
ESTAT:ISOC_SKS_ITSPS(1.0),03/05/23 23:00:00,A,THS_PER,M,FR,2013,618.8,b
ESTAT:ISOC_SKS_ITSPS(1.0),03/05/23 23:00:00,A,THS_PER,M,FR,2014,709.5,b
ESTAT:ISOC_SKS_ITSPS(1.0),03/05/23 23:00:00,A,THS_PER,M,FR,2015,763.0,
ESTAT:ISOC_SKS_ITSPS(1.0),03/05/23 23:00:00,A,THS_PER,M,FR,2016,798.1,
ESTAT:ISOC_SKS_ITSPS(1.0),03/05/23 23:00:00,A,THS_PER,M,FR,2017,830.0,
ESTAT:ISOC_SKS_ITSPS(1.0),03/05/23 23:00:00,A,THS_PER,M,FR,2018,857.0,
ESTAT:ISOC_SKS_ITSPS(1.0),03/05/23 23:00:00,A,THS_PER,M,FR,2019,908.7,
ESTAT:ISOC_SKS_ITSPS(1.0),03/05/23 23:00:00,A,THS_PER,M,FR,2020,974.3,
ESTAT:ISOC_SKS_ITSPS(1.0),03/05/23 23:00:00,A,THS_PER,M,FR,2021,980.0,bd
ESTAT:ISOC_SKS_ITSPS(1.0),03/05/23 23:00:00,A,THS_PER,M,FR,2022,986.5,d
ESTAT:ISOC_SKS_ITSPS(1.0),03/05/23 23:00:00,A,THS_PER,M,HR,2009,32.6,e
ESTAT:ISOC_SKS_ITSPS(1.0),03/05/23 23:00:00,A,THS_PER,M,HR,2010,29.4,e
ESTAT:ISOC_SKS_ITSPS(1.0),03/05/23 23:00:00,A,THS_PER,M,HR,2011,34.2,be
ESTAT:ISOC_SKS_ITSPS(1.0),03/05/23 23:00:00,A,THS_PER,M,HR,2012,33.7,e
ESTAT:ISOC_SKS_ITSPS(1.0),03/05/23 23:00:00,A,THS_PER,M,HR,2013,32.2,e
ESTAT:ISOC_SKS_ITSPS(1.0),03/05/23 23:00:00,A,THS_PER,M,HR,2014,37.4,e
ESTAT:ISOC_SKS_ITSPS(1.0),03/05/23 23:00:00,A,THS_PER,M,HR,2015,36.7,e
ESTAT:ISOC_SKS_ITSPS(1.0),03/05/23 23:00:00,A,THS_PER,M,HR,2016,45.3,
ESTAT:ISOC_SKS_ITSPS(1.0),03/05/23 23:00:00,A,THS_PER,M,HR,2017,46.7,e
ESTAT:ISOC_SKS_ITSPS(1.0),03/05/23 23:00:00,A,THS_PER,M,HR,2018,49.6,e
ESTAT:ISOC_SKS_ITSPS(1.0),03/05/23 23:00:00,A,THS_PER,M,HR,2019,44.3,e
ESTAT:ISOC_SKS_ITSPS(1.0),03/05/23 23:00:00,A,THS_PER,M,HR,2020,51.4,e
ESTAT:ISOC_SKS_ITSPS(1.0),03/05/23 23:00:00,A,THS_PER,M,HR,2021,48.2,be
ESTAT:ISOC_SKS_ITSPS(1.0),03/05/23 23:00:00,A,THS_PER,M,HR,2022,55.3,e
ESTAT:ISOC_SKS_ITSPS(1.0),03/05/23 23:00:00,A,THS_PER,M,HU,2009,101.4,e
ESTAT:ISOC_SKS_ITSPS(1.0),03/05/23 23:00:00,A,THS_PER,M,HU,2010,99.3,e
ESTAT:ISOC_SKS_ITSPS(1.0),03/05/23 23:00:00,A,THS_PER,M,HU,2011,92.3,b
ESTAT:ISOC_SKS_ITSPS(1.0),03/05/23 23:00:00,A,THS_PER,M,HU,2012,110.6,e
ESTAT:ISOC_SKS_ITSPS(1.0),03/05/23 23:00:00,A,THS_PER,M,HU,2013,123.1,
ESTAT:ISOC_SKS_ITSPS(1.0),03/05/23 23:00:00,A,THS_PER,M,HU,2014,127.4,
ESTAT:ISOC_SKS_ITSPS(1.0),03/05/23 23:00:00,A,THS_PER,M,HU,2015,134.5,
ESTAT:ISOC_SKS_ITSPS(1.0),03/05/23 23:00:00,A,THS_PER,M,HU,2016,137.4,
ESTAT:ISOC_SKS_ITSPS(1.0),03/05/23 23:00:00,A,THS_PER,M,HU,2017,143.6,
ESTAT:ISOC_SKS_ITSPS(1.0),03/05/23 23:00:00,A,THS_PER,M,HU,2018,151.5,
ESTAT:ISOC_SKS_ITSPS(1.0),03/05/23 23:00:00,A,THS_PER,M,HU,2019,136.3,
ESTAT:ISOC_SKS_ITSPS(1.0),03/05/23 23:00:00,A,THS_PER,M,HU,2020,149.8,e
ESTAT:ISOC_SKS_ITSPS(1.0),03/05/23 23:00:00,A,THS_PER,M,HU,2021,156.6,be
ESTAT:ISOC_SKS_ITSPS(1.0),03/05/23 23:00:00,A,THS_PER,M,HU,2022,168.1,e
ESTAT:ISOC_SKS_ITSPS(1.0),03/05/23 23:00:00,A,THS_PER,M,IE,2009,51.6,e
ESTAT:ISOC_SKS_ITSPS(1.0),03/05/23 23:00:00,A,THS_PER,M,IE,2010,53.4,e
ESTAT:ISOC_SKS_ITSPS(1.0),03/05/23 23:00:00,A,THS_PER,M,IE,2011,67.7,be
ESTAT:ISOC_SKS_ITSPS(1.0),03/05/23 23:00:00,A,THS_PER,M,IE,2012,69.4,e
ESTAT:ISOC_SKS_ITSPS(1.0),03/05/23 23:00:00,A,THS_PER,M,IE,2013,70.5,e
ESTAT:ISOC_SKS_ITSPS(1.0),03/05/23 23:00:00,A,THS_PER,M,IE,2014,74.7,e
ESTAT:ISOC_SKS_ITSPS(1.0),03/05/23 23:00:00,A,THS_PER,M,IE,2015,76.1,e
ESTAT:ISOC_SKS_ITSPS(1.0),03/05/23 23:00:00,A,THS_PER,M,IE,2016,82.1,e
ESTAT:ISOC_SKS_ITSPS(1.0),03/05/23 23:00:00,A,THS_PER,M,IE,2017,85.7,be
ESTAT:ISOC_SKS_ITSPS(1.0),03/05/23 23:00:00,A,THS_PER,M,IE,2018,87.2,e
ESTAT:ISOC_SKS_ITSPS(1.0),03/05/23 23:00:00,A,THS_PER,M,IE,2019,88.8,e
ESTAT:ISOC_SKS_ITSPS(1.0),03/05/23 23:00:00,A,THS_PER,M,IE,2020,102.8,e
ESTAT:ISOC_SKS_ITSPS(1.0),03/05/23 23:00:00,A,THS_PER,M,IE,2021,119.6,be
ESTAT:ISOC_SKS_ITSPS(1.0),03/05/23 23:00:00,A,THS_PER,M,IE,2022,123.1,e
ESTAT:ISOC_SKS_ITSPS(1.0),03/05/23 23:00:00,A,THS_PER,M,IS,2009,,
ESTAT:ISOC_SKS_ITSPS(1.0),03/05/23 23:00:00,A,THS_PER,M,IS,2010,,
ESTAT:ISOC_SKS_ITSPS(1.0),03/05/23 23:00:00,A,THS_PER,M,IS,2011,5.1,be
ESTAT:ISOC_SKS_ITSPS(1.0),03/05/23 23:00:00,A,THS_PER,M,IS,2012,4.6,e
ESTAT:ISOC_SKS_ITSPS(1.0),03/05/23 23:00:00,A,THS_PER,M,IS,2013,5.6,e
ESTAT:ISOC_SKS_ITSPS(1.0),03/05/23 23:00:00,A,THS_PER,M,IS,2014,5.8,e
ESTAT:ISOC_SKS_ITSPS(1.0),03/05/23 23:00:00,A,THS_PER,M,IS,2015,6.3,e
ESTAT:ISOC_SKS_ITSPS(1.0),03/05/23 23:00:00,A,THS_PER,M,IS,2016,6.8,e
ESTAT:ISOC_SKS_ITSPS(1.0),03/05/23 23:00:00,A,THS_PER,M,IS,2017,7.6,e
ESTAT:ISOC_SKS_ITSPS(1.0),03/05/23 23:00:00,A,THS_PER,M,IS,2018,7.2,e
ESTAT:ISOC_SKS_ITSPS(1.0),03/05/23 23:00:00,A,THS_PER,M,IS,2019,7.0,e
ESTAT:ISOC_SKS_ITSPS(1.0),03/05/23 23:00:00,A,THS_PER,M,IS,2020,7.2,be
ESTAT:ISOC_SKS_ITSPS(1.0),03/05/23 23:00:00,A,THS_PER,M,IS,2021,6.0,be
ESTAT:ISOC_SKS_ITSPS(1.0),03/05/23 23:00:00,A,THS_PER,M,IS,2022,7.3,e
ESTAT:ISOC_SKS_ITSPS(1.0),03/05/23 23:00:00,A,THS_PER,M,IT,2009,612.0,e
ESTAT:ISOC_SKS_ITSPS(1.0),03/05/23 23:00:00,A,THS_PER,M,IT,2010,596.5,e
ESTAT:ISOC_SKS_ITSPS(1.0),03/05/23 23:00:00,A,THS_PER,M,IT,2011,578.1,be
ESTAT:ISOC_SKS_ITSPS(1.0),03/05/23 23:00:00,A,THS_PER,M,IT,2012,592.0,e
ESTAT:ISOC_SKS_ITSPS(1.0),03/05/23 23:00:00,A,THS_PER,M,IT,2013,614.0,e
ESTAT:ISOC_SKS_ITSPS(1.0),03/05/23 23:00:00,A,THS_PER,M,IT,2014,622.6,e
ESTAT:ISOC_SKS_ITSPS(1.0),03/05/23 23:00:00,A,THS_PER,M,IT,2015,624.3,e
ESTAT:ISOC_SKS_ITSPS(1.0),03/05/23 23:00:00,A,THS_PER,M,IT,2016,642.8,e
ESTAT:ISOC_SKS_ITSPS(1.0),03/05/23 23:00:00,A,THS_PER,M,IT,2017,649.0,e
ESTAT:ISOC_SKS_ITSPS(1.0),03/05/23 23:00:00,A,THS_PER,M,IT,2018,698.2,e
ESTAT:ISOC_SKS_ITSPS(1.0),03/05/23 23:00:00,A,THS_PER,M,IT,2019,696.6,e
ESTAT:ISOC_SKS_ITSPS(1.0),03/05/23 23:00:00,A,THS_PER,M,IT,2020,698.4,e
ESTAT:ISOC_SKS_ITSPS(1.0),03/05/23 23:00:00,A,THS_PER,M,IT,2021,712.7,be
ESTAT:ISOC_SKS_ITSPS(1.0),03/05/23 23:00:00,A,THS_PER,M,IT,2022,755.6,e
ESTAT:ISOC_SKS_ITSPS(1.0),03/05/23 23:00:00,A,THS_PER,M,LT,2009,16.2,e
ESTAT:ISOC_SKS_ITSPS(1.0),03/05/23 23:00:00,A,THS_PER,M,LT,2010,15.3,
ESTAT:ISOC_SKS_ITSPS(1.0),03/05/23 23:00:00,A,THS_PER,M,LT,2011,18.5,be
ESTAT:ISOC_SKS_ITSPS(1.0),03/05/23 23:00:00,A,THS_PER,M,LT,2012,19.3,e
ESTAT:ISOC_SKS_ITSPS(1.0),03/05/23 23:00:00,A,THS_PER,M,LT,2013,19.3,e
ESTAT:ISOC_SKS_ITSPS(1.0),03/05/23 23:00:00,A,THS_PER,M,LT,2014,19.2,
ESTAT:ISOC_SKS_ITSPS(1.0),03/05/23 23:00:00,A,THS_PER,M,LT,2015,22.4,e
ESTAT:ISOC_SKS_ITSPS(1.0),03/05/23 23:00:00,A,THS_PER,M,LT,2016,25.7,
ESTAT:ISOC_SKS_ITSPS(1.0),03/05/23 23:00:00,A,THS_PER,M,LT,2017,27.4,
ESTAT:ISOC_SKS_ITSPS(1.0),03/05/23 23:00:00,A,THS_PER,M,LT,2018,28.0,
ESTAT:ISOC_SKS_ITSPS(1.0),03/05/23 23:00:00,A,THS_PER,M,LT,2019,31.8,e
ESTAT:ISOC_SKS_ITSPS(1.0),03/05/23 23:00:00,A,THS_PER,M,LT,2020,34.0,
ESTAT:ISOC_SKS_ITSPS(1.0),03/05/23 23:00:00,A,THS_PER,M,LT,2021,40.0,b
ESTAT:ISOC_SKS_ITSPS(1.0),03/05/23 23:00:00,A,THS_PER,M,LT,2022,47.7,
ESTAT:ISOC_SKS_ITSPS(1.0),03/05/23 23:00:00,A,THS_PER,M,LU,2009,8.5,b
ESTAT:ISOC_SKS_ITSPS(1.0),03/05/23 23:00:00,A,THS_PER,M,LU,2010,8.9,e
ESTAT:ISOC_SKS_ITSPS(1.0),03/05/23 23:00:00,A,THS_PER,M,LU,2011,8.6,b
ESTAT:ISOC_SKS_ITSPS(1.0),03/05/23 23:00:00,A,THS_PER,M,LU,2012,10.6,
ESTAT:ISOC_SKS_ITSPS(1.0),03/05/23 23:00:00,A,THS_PER,M,LU,2013,10.0,
ESTAT:ISOC_SKS_ITSPS(1.0),03/05/23 23:00:00,A,THS_PER,M,LU,2014,11.2,
ESTAT:ISOC_SKS_ITSPS(1.0),03/05/23 23:00:00,A,THS_PER,M,LU,2015,11.1,b
ESTAT:ISOC_SKS_ITSPS(1.0),03/05/23 23:00:00,A,THS_PER,M,LU,2016,11.9,e
ESTAT:ISOC_SKS_ITSPS(1.0),03/05/23 23:00:00,A,THS_PER,M,LU,2017,12.5,
ESTAT:ISOC_SKS_ITSPS(1.0),03/05/23 23:00:00,A,THS_PER,M,LU,2018,14.5,e
ESTAT:ISOC_SKS_ITSPS(1.0),03/05/23 23:00:00,A,THS_PER,M,LU,2019,15.2,e
ESTAT:ISOC_SKS_ITSPS(1.0),03/05/23 23:00:00,A,THS_PER,M,LU,2020,14.9,
ESTAT:ISOC_SKS_ITSPS(1.0),03/05/23 23:00:00,A,THS_PER,M,LU,2021,16.5,b
ESTAT:ISOC_SKS_ITSPS(1.0),03/05/23 23:00:00,A,THS_PER,M,LU,2022,19.1,
ESTAT:ISOC_SKS_ITSPS(1.0),03/05/23 23:00:00,A,THS_PER,M,LV,2009,17.0,e
ESTAT:ISOC_SKS_ITSPS(1.0),03/05/23 23:00:00,A,THS_PER,M,LV,2010,16.5,e
ESTAT:ISOC_SKS_ITSPS(1.0),03/05/23 23:00:00,A,THS_PER,M,LV,2011,16.3,be
ESTAT:ISOC_SKS_ITSPS(1.0),03/05/23 23:00:00,A,THS_PER,M,LV,2012,15.3,e
ESTAT:ISOC_SKS_ITSPS(1.0),03/05/23 23:00:00,A,THS_PER,M,LV,2013,16.6,e
ESTAT:ISOC_SKS_ITSPS(1.0),03/05/23 23:00:00,A,THS_PER,M,LV,2014,16.6,e
ESTAT:ISOC_SKS_ITSPS(1.0),03/05/23 23:00:00,A,THS_PER,M,LV,2015,17.7,e
ESTAT:ISOC_SKS_ITSPS(1.0),03/05/23 23:00:00,A,THS_PER,M,LV,2016,17.7,e
ESTAT:ISOC_SKS_ITSPS(1.0),03/05/23 23:00:00,A,THS_PER,M,LV,2017,18.7,e
ESTAT:ISOC_SKS_ITSPS(1.0),03/05/23 23:00:00,A,THS_PER,M,LV,2018,18.5,e
ESTAT:ISOC_SKS_ITSPS(1.0),03/05/23 23:00:00,A,THS_PER,M,LV,2019,21.5,e
ESTAT:ISOC_SKS_ITSPS(1.0),03/05/23 23:00:00,A,THS_PER,M,LV,2020,24.8,e
ESTAT:ISOC_SKS_ITSPS(1.0),03/05/23 23:00:00,A,THS_PER,M,LV,2021,25.8,be
ESTAT:ISOC_SKS_ITSPS(1.0),03/05/23 23:00:00,A,THS_PER,M,LV,2022,30.7,e
ESTAT:ISOC_SKS_ITSPS(1.0),03/05/23 23:00:00,A,THS_PER,M,ME,2009,,
ESTAT:ISOC_SKS_ITSPS(1.0),03/05/23 23:00:00,A,THS_PER,M,ME,2010,,
ESTAT:ISOC_SKS_ITSPS(1.0),03/05/23 23:00:00,A,THS_PER,M,ME,2011,2.9,be
ESTAT:ISOC_SKS_ITSPS(1.0),03/05/23 23:00:00,A,THS_PER,M,ME,2012,2.6,e
ESTAT:ISOC_SKS_ITSPS(1.0),03/05/23 23:00:00,A,THS_PER,M,ME,2013,3.2,e
ESTAT:ISOC_SKS_ITSPS(1.0),03/05/23 23:00:00,A,THS_PER,M,ME,2014,4.2,e
ESTAT:ISOC_SKS_ITSPS(1.0),03/05/23 23:00:00,A,THS_PER,M,ME,2015,4.5,e
ESTAT:ISOC_SKS_ITSPS(1.0),03/05/23 23:00:00,A,THS_PER,M,ME,2016,4.1,e
ESTAT:ISOC_SKS_ITSPS(1.0),03/05/23 23:00:00,A,THS_PER,M,ME,2017,4.0,e
ESTAT:ISOC_SKS_ITSPS(1.0),03/05/23 23:00:00,A,THS_PER,M,ME,2018,3.5,e
ESTAT:ISOC_SKS_ITSPS(1.0),03/05/23 23:00:00,A,THS_PER,M,ME,2019,3.5,e
ESTAT:ISOC_SKS_ITSPS(1.0),03/05/23 23:00:00,A,THS_PER,M,ME,2020,4.6,e
ESTAT:ISOC_SKS_ITSPS(1.0),03/05/23 23:00:00,A,THS_PER,M,ME,2021,,
ESTAT:ISOC_SKS_ITSPS(1.0),03/05/23 23:00:00,A,THS_PER,M,ME,2022,,
ESTAT:ISOC_SKS_ITSPS(1.0),03/05/23 23:00:00,A,THS_PER,M,MK,2009,,
ESTAT:ISOC_SKS_ITSPS(1.0),03/05/23 23:00:00,A,THS_PER,M,MK,2010,,
ESTAT:ISOC_SKS_ITSPS(1.0),03/05/23 23:00:00,A,THS_PER,M,MK,2011,6.9,be
ESTAT:ISOC_SKS_ITSPS(1.0),03/05/23 23:00:00,A,THS_PER,M,MK,2012,6.6,
ESTAT:ISOC_SKS_ITSPS(1.0),03/05/23 23:00:00,A,THS_PER,M,MK,2013,6.9,
ESTAT:ISOC_SKS_ITSPS(1.0),03/05/23 23:00:00,A,THS_PER,M,MK,2014,7.7,e
ESTAT:ISOC_SKS_ITSPS(1.0),03/05/23 23:00:00,A,THS_PER,M,MK,2015,10.1,e
ESTAT:ISOC_SKS_ITSPS(1.0),03/05/23 23:00:00,A,THS_PER,M,MK,2016,9.5,e
ESTAT:ISOC_SKS_ITSPS(1.0),03/05/23 23:00:00,A,THS_PER,M,MK,2017,8.8,e
ESTAT:ISOC_SKS_ITSPS(1.0),03/05/23 23:00:00,A,THS_PER,M,MK,2018,9.5,
ESTAT:ISOC_SKS_ITSPS(1.0),03/05/23 23:00:00,A,THS_PER,M,MK,2019,11.8,
ESTAT:ISOC_SKS_ITSPS(1.0),03/05/23 23:00:00,A,THS_PER,M,MK,2020,14.3,e
ESTAT:ISOC_SKS_ITSPS(1.0),03/05/23 23:00:00,A,THS_PER,M,MK,2021,,
ESTAT:ISOC_SKS_ITSPS(1.0),03/05/23 23:00:00,A,THS_PER,M,MK,2022,,
ESTAT:ISOC_SKS_ITSPS(1.0),03/05/23 23:00:00,A,THS_PER,M,MT,2009,5.7,e
ESTAT:ISOC_SKS_ITSPS(1.0),03/05/23 23:00:00,A,THS_PER,M,MT,2010,5.4,
ESTAT:ISOC_SKS_ITSPS(1.0),03/05/23 23:00:00,A,THS_PER,M,MT,2011,4.7,be
ESTAT:ISOC_SKS_ITSPS(1.0),03/05/23 23:00:00,A,THS_PER,M,MT,2012,5.5,e
ESTAT:ISOC_SKS_ITSPS(1.0),03/05/23 23:00:00,A,THS_PER,M,MT,2013,5.2,
ESTAT:ISOC_SKS_ITSPS(1.0),03/05/23 23:00:00,A,THS_PER,M,MT,2014,5.8,e
ESTAT:ISOC_SKS_ITSPS(1.0),03/05/23 23:00:00,A,THS_PER,M,MT,2015,6.3,e
ESTAT:ISOC_SKS_ITSPS(1.0),03/05/23 23:00:00,A,THS_PER,M,MT,2016,7.2,e
ESTAT:ISOC_SKS_ITSPS(1.0),03/05/23 23:00:00,A,THS_PER,M,MT,2017,8.5,
ESTAT:ISOC_SKS_ITSPS(1.0),03/05/23 23:00:00,A,THS_PER,M,MT,2018,9.5,
ESTAT:ISOC_SKS_ITSPS(1.0),03/05/23 23:00:00,A,THS_PER,M,MT,2019,10.5,
ESTAT:ISOC_SKS_ITSPS(1.0),03/05/23 23:00:00,A,THS_PER,M,MT,2020,10.2,e
ESTAT:ISOC_SKS_ITSPS(1.0),03/05/23 23:00:00,A,THS_PER,M,MT,2021,9.8,be
ESTAT:ISOC_SKS_ITSPS(1.0),03/05/23 23:00:00,A,THS_PER,M,MT,2022,11.2,
ESTAT:ISOC_SKS_ITSPS(1.0),03/05/23 23:00:00,A,THS_PER,M,NL,2009,267.8,
ESTAT:ISOC_SKS_ITSPS(1.0),03/05/23 23:00:00,A,THS_PER,M,NL,2010,278.5,
ESTAT:ISOC_SKS_ITSPS(1.0),03/05/23 23:00:00,A,THS_PER,M,NL,2011,328.8,be
ESTAT:ISOC_SKS_ITSPS(1.0),03/05/23 23:00:00,A,THS_PER,M,NL,2012,328.9,
ESTAT:ISOC_SKS_ITSPS(1.0),03/05/23 23:00:00,A,THS_PER,M,NL,2013,331.9,b
ESTAT:ISOC_SKS_ITSPS(1.0),03/05/23 23:00:00,A,THS_PER,M,NL,2014,342.4,
ESTAT:ISOC_SKS_ITSPS(1.0),03/05/23 23:00:00,A,THS_PER,M,NL,2015,356.9,
ESTAT:ISOC_SKS_ITSPS(1.0),03/05/23 23:00:00,A,THS_PER,M,NL,2016,363.0,
ESTAT:ISOC_SKS_ITSPS(1.0),03/05/23 23:00:00,A,THS_PER,M,NL,2017,363.3,
ESTAT:ISOC_SKS_ITSPS(1.0),03/05/23 23:00:00,A,THS_PER,M,NL,2018,394.4,
ESTAT:ISOC_SKS_ITSPS(1.0),03/05/23 23:00:00,A,THS_PER,M,NL,2019,417.4,
ESTAT:ISOC_SKS_ITSPS(1.0),03/05/23 23:00:00,A,THS_PER,M,NL,2020,434.2,
ESTAT:ISOC_SKS_ITSPS(1.0),03/05/23 23:00:00,A,THS_PER,M,NL,2021,511.8,b
ESTAT:ISOC_SKS_ITSPS(1.0),03/05/23 23:00:00,A,THS_PER,M,NL,2022,552.1,
ESTAT:ISOC_SKS_ITSPS(1.0),03/05/23 23:00:00,A,THS_PER,M,NO,2009,,
ESTAT:ISOC_SKS_ITSPS(1.0),03/05/23 23:00:00,A,THS_PER,M,NO,2010,,
ESTAT:ISOC_SKS_ITSPS(1.0),03/05/23 23:00:00,A,THS_PER,M,NO,2011,92.0,b
ESTAT:ISOC_SKS_ITSPS(1.0),03/05/23 23:00:00,A,THS_PER,M,NO,2012,95.4,
ESTAT:ISOC_SKS_ITSPS(1.0),03/05/23 23:00:00,A,THS_PER,M,NO,2013,99.1,
ESTAT:ISOC_SKS_ITSPS(1.0),03/05/23 23:00:00,A,THS_PER,M,NO,2014,99.3,e
ESTAT:ISOC_SKS_ITSPS(1.0),03/05/23 23:00:00,A,THS_PER,M,NO,2015,96.0,e
ESTAT:ISOC_SKS_ITSPS(1.0),03/05/23 23:00:00,A,THS_PER,M,NO,2016,92.7,e
ESTAT:ISOC_SKS_ITSPS(1.0),03/05/23 23:00:00,A,THS_PER,M,NO,2017,99.3,
ESTAT:ISOC_SKS_ITSPS(1.0),03/05/23 23:00:00,A,THS_PER,M,NO,2018,95.4,
ESTAT:ISOC_SKS_ITSPS(1.0),03/05/23 23:00:00,A,THS_PER,M,NO,2019,100.2,
ESTAT:ISOC_SKS_ITSPS(1.0),03/05/23 23:00:00,A,THS_PER,M,NO,2020,110.0,e
ESTAT:ISOC_SKS_ITSPS(1.0),03/05/23 23:00:00,A,THS_PER,M,NO,2021,120.9,be
ESTAT:ISOC_SKS_ITSPS(1.0),03/05/23 23:00:00,A,THS_PER,M,NO,2022,118.0,e
ESTAT:ISOC_SKS_ITSPS(1.0),03/05/23 23:00:00,A,THS_PER,M,PL,2009,349.5,e
ESTAT:ISOC_SKS_ITSPS(1.0),03/05/23 23:00:00,A,THS_PER,M,PL,2010,331.0,be
ESTAT:ISOC_SKS_ITSPS(1.0),03/05/23 23:00:00,A,THS_PER,M,PL,2011,304.7,b
ESTAT:ISOC_SKS_ITSPS(1.0),03/05/23 23:00:00,A,THS_PER,M,PL,2012,330.3,
ESTAT:ISOC_SKS_ITSPS(1.0),03/05/23 23:00:00,A,THS_PER,M,PL,2013,346.0,
ESTAT:ISOC_SKS_ITSPS(1.0),03/05/23 23:00:00,A,THS_PER,M,PL,2014,355.9,
ESTAT:ISOC_SKS_ITSPS(1.0),03/05/23 23:00:00,A,THS_PER,M,PL,2015,366.8,e
ESTAT:ISOC_SKS_ITSPS(1.0),03/05/23 23:00:00,A,THS_PER,M,PL,2016,369.6,e
ESTAT:ISOC_SKS_ITSPS(1.0),03/05/23 23:00:00,A,THS_PER,M,PL,2017,384.9,
ESTAT:ISOC_SKS_ITSPS(1.0),03/05/23 23:00:00,A,THS_PER,M,PL,2018,418.3,
ESTAT:ISOC_SKS_ITSPS(1.0),03/05/23 23:00:00,A,THS_PER,M,PL,2019,438.3,e
ESTAT:ISOC_SKS_ITSPS(1.0),03/05/23 23:00:00,A,THS_PER,M,PL,2020,471.4,
ESTAT:ISOC_SKS_ITSPS(1.0),03/05/23 23:00:00,A,THS_PER,M,PL,2021,496.0,b
ESTAT:ISOC_SKS_ITSPS(1.0),03/05/23 23:00:00,A,THS_PER,M,PL,2022,500.4,
ESTAT:ISOC_SKS_ITSPS(1.0),03/05/23 23:00:00,A,THS_PER,M,PT,2009,104.5,e
ESTAT:ISOC_SKS_ITSPS(1.0),03/05/23 23:00:00,A,THS_PER,M,PT,2010,101.5,e
ESTAT:ISOC_SKS_ITSPS(1.0),03/05/23 23:00:00,A,THS_PER,M,PT,2011,73.5,be
ESTAT:ISOC_SKS_ITSPS(1.0),03/05/23 23:00:00,A,THS_PER,M,PT,2012,81.2,e
ESTAT:ISOC_SKS_ITSPS(1.0),03/05/23 23:00:00,A,THS_PER,M,PT,2013,90.1,e
ESTAT:ISOC_SKS_ITSPS(1.0),03/05/23 23:00:00,A,THS_PER,M,PT,2014,115.5,e
ESTAT:ISOC_SKS_ITSPS(1.0),03/05/23 23:00:00,A,THS_PER,M,PT,2015,107.6,e
ESTAT:ISOC_SKS_ITSPS(1.0),03/05/23 23:00:00,A,THS_PER,M,PT,2016,111.6,e
ESTAT:ISOC_SKS_ITSPS(1.0),03/05/23 23:00:00,A,THS_PER,M,PT,2017,109.2,e
ESTAT:ISOC_SKS_ITSPS(1.0),03/05/23 23:00:00,A,THS_PER,M,PT,2018,120.3,e
ESTAT:ISOC_SKS_ITSPS(1.0),03/05/23 23:00:00,A,THS_PER,M,PT,2019,140.1,e
ESTAT:ISOC_SKS_ITSPS(1.0),03/05/23 23:00:00,A,THS_PER,M,PT,2020,147.2,e
ESTAT:ISOC_SKS_ITSPS(1.0),03/05/23 23:00:00,A,THS_PER,M,PT,2021,178.7,b
ESTAT:ISOC_SKS_ITSPS(1.0),03/05/23 23:00:00,A,THS_PER,M,PT,2022,174.9,
ESTAT:ISOC_SKS_ITSPS(1.0),03/05/23 23:00:00,A,THS_PER,M,RO,2009,130.4,e
ESTAT:ISOC_SKS_ITSPS(1.0),03/05/23 23:00:00,A,THS_PER,M,RO,2010,115.2,be
ESTAT:ISOC_SKS_ITSPS(1.0),03/05/23 23:00:00,A,THS_PER,M,RO,2011,97.9,be
ESTAT:ISOC_SKS_ITSPS(1.0),03/05/23 23:00:00,A,THS_PER,M,RO,2012,109.7,e
ESTAT:ISOC_SKS_ITSPS(1.0),03/05/23 23:00:00,A,THS_PER,M,RO,2013,104.9,e
ESTAT:ISOC_SKS_ITSPS(1.0),03/05/23 23:00:00,A,THS_PER,M,RO,2014,109.9,e
ESTAT:ISOC_SKS_ITSPS(1.0),03/05/23 23:00:00,A,THS_PER,M,RO,2015,117.2,e
ESTAT:ISOC_SKS_ITSPS(1.0),03/05/23 23:00:00,A,THS_PER,M,RO,2016,123.6,
ESTAT:ISOC_SKS_ITSPS(1.0),03/05/23 23:00:00,A,THS_PER,M,RO,2017,137.7,
ESTAT:ISOC_SKS_ITSPS(1.0),03/05/23 23:00:00,A,THS_PER,M,RO,2018,145.4,
ESTAT:ISOC_SKS_ITSPS(1.0),03/05/23 23:00:00,A,THS_PER,M,RO,2019,151.4,e
ESTAT:ISOC_SKS_ITSPS(1.0),03/05/23 23:00:00,A,THS_PER,M,RO,2020,150.3,
ESTAT:ISOC_SKS_ITSPS(1.0),03/05/23 23:00:00,A,THS_PER,M,RO,2021,150.8,b
ESTAT:ISOC_SKS_ITSPS(1.0),03/05/23 23:00:00,A,THS_PER,M,RO,2022,161.1,e
ESTAT:ISOC_SKS_ITSPS(1.0),03/05/23 23:00:00,A,THS_PER,M,RS,2009,,
ESTAT:ISOC_SKS_ITSPS(1.0),03/05/23 23:00:00,A,THS_PER,M,RS,2010,,
ESTAT:ISOC_SKS_ITSPS(1.0),03/05/23 23:00:00,A,THS_PER,M,RS,2011,,
ESTAT:ISOC_SKS_ITSPS(1.0),03/05/23 23:00:00,A,THS_PER,M,RS,2012,,
ESTAT:ISOC_SKS_ITSPS(1.0),03/05/23 23:00:00,A,THS_PER,M,RS,2013,35.3,e
ESTAT:ISOC_SKS_ITSPS(1.0),03/05/23 23:00:00,A,THS_PER,M,RS,2014,43.2,be
ESTAT:ISOC_SKS_ITSPS(1.0),03/05/23 23:00:00,A,THS_PER,M,RS,2015,47.5,e
ESTAT:ISOC_SKS_ITSPS(1.0),03/05/23 23:00:00,A,THS_PER,M,RS,2016,49.4,e
ESTAT:ISOC_SKS_ITSPS(1.0),03/05/23 23:00:00,A,THS_PER,M,RS,2017,50.4,e
ESTAT:ISOC_SKS_ITSPS(1.0),03/05/23 23:00:00,A,THS_PER,M,RS,2018,55.5,e
ESTAT:ISOC_SKS_ITSPS(1.0),03/05/23 23:00:00,A,THS_PER,M,RS,2019,58.8,e
ESTAT:ISOC_SKS_ITSPS(1.0),03/05/23 23:00:00,A,THS_PER,M,RS,2020,59.9,e
ESTAT:ISOC_SKS_ITSPS(1.0),03/05/23 23:00:00,A,THS_PER,M,RS,2021,72.5,be
ESTAT:ISOC_SKS_ITSPS(1.0),03/05/23 23:00:00,A,THS_PER,M,RS,2022,75.6,
ESTAT:ISOC_SKS_ITSPS(1.0),03/05/23 23:00:00,A,THS_PER,M,SE,2009,225.5,e
ESTAT:ISOC_SKS_ITSPS(1.0),03/05/23 23:00:00,A,THS_PER,M,SE,2010,227.5,e
ESTAT:ISOC_SKS_ITSPS(1.0),03/05/23 23:00:00,A,THS_PER,M,SE,2011,209.2,b
ESTAT:ISOC_SKS_ITSPS(1.0),03/05/23 23:00:00,A,THS_PER,M,SE,2012,217.7,
ESTAT:ISOC_SKS_ITSPS(1.0),03/05/23 23:00:00,A,THS_PER,M,SE,2013,214.9,
ESTAT:ISOC_SKS_ITSPS(1.0),03/05/23 23:00:00,A,THS_PER,M,SE,2014,223.9,
ESTAT:ISOC_SKS_ITSPS(1.0),03/05/23 23:00:00,A,THS_PER,M,SE,2015,238.2,
ESTAT:ISOC_SKS_ITSPS(1.0),03/05/23 23:00:00,A,THS_PER,M,SE,2016,246.1,
ESTAT:ISOC_SKS_ITSPS(1.0),03/05/23 23:00:00,A,THS_PER,M,SE,2017,263.2,
ESTAT:ISOC_SKS_ITSPS(1.0),03/05/23 23:00:00,A,THS_PER,M,SE,2018,274.1,b
ESTAT:ISOC_SKS_ITSPS(1.0),03/05/23 23:00:00,A,THS_PER,M,SE,2019,286.3,
ESTAT:ISOC_SKS_ITSPS(1.0),03/05/23 23:00:00,A,THS_PER,M,SE,2020,298.9,e
ESTAT:ISOC_SKS_ITSPS(1.0),03/05/23 23:00:00,A,THS_PER,M,SE,2021,318.0,b
ESTAT:ISOC_SKS_ITSPS(1.0),03/05/23 23:00:00,A,THS_PER,M,SE,2022,345.2,
ESTAT:ISOC_SKS_ITSPS(1.0),03/05/23 23:00:00,A,THS_PER,M,SI,2009,27.9,e
ESTAT:ISOC_SKS_ITSPS(1.0),03/05/23 23:00:00,A,THS_PER,M,SI,2010,26.8,e
ESTAT:ISOC_SKS_ITSPS(1.0),03/05/23 23:00:00,A,THS_PER,M,SI,2011,28.1,be
ESTAT:ISOC_SKS_ITSPS(1.0),03/05/23 23:00:00,A,THS_PER,M,SI,2012,26.5,e
ESTAT:ISOC_SKS_ITSPS(1.0),03/05/23 23:00:00,A,THS_PER,M,SI,2013,26.6,
ESTAT:ISOC_SKS_ITSPS(1.0),03/05/23 23:00:00,A,THS_PER,M,SI,2014,27.8,
ESTAT:ISOC_SKS_ITSPS(1.0),03/05/23 23:00:00,A,THS_PER,M,SI,2015,27.7,e
ESTAT:ISOC_SKS_ITSPS(1.0),03/05/23 23:00:00,A,THS_PER,M,SI,2016,26.6,e
ESTAT:ISOC_SKS_ITSPS(1.0),03/05/23 23:00:00,A,THS_PER,M,SI,2017,30.3,
ESTAT:ISOC_SKS_ITSPS(1.0),03/05/23 23:00:00,A,THS_PER,M,SI,2018,32.7,e
ESTAT:ISOC_SKS_ITSPS(1.0),03/05/23 23:00:00,A,THS_PER,M,SI,2019,31.1,e
ESTAT:ISOC_SKS_ITSPS(1.0),03/05/23 23:00:00,A,THS_PER,M,SI,2020,35.3,e
ESTAT:ISOC_SKS_ITSPS(1.0),03/05/23 23:00:00,A,THS_PER,M,SI,2021,38.9,b
ESTAT:ISOC_SKS_ITSPS(1.0),03/05/23 23:00:00,A,THS_PER,M,SI,2022,37.0,
ESTAT:ISOC_SKS_ITSPS(1.0),03/05/23 23:00:00,A,THS_PER,M,SK,2009,56.3,e
ESTAT:ISOC_SKS_ITSPS(1.0),03/05/23 23:00:00,A,THS_PER,M,SK,2010,55.5,e
ESTAT:ISOC_SKS_ITSPS(1.0),03/05/23 23:00:00,A,THS_PER,M,SK,2011,52.0,b
ESTAT:ISOC_SKS_ITSPS(1.0),03/05/23 23:00:00,A,THS_PER,M,SK,2012,50.9,
ESTAT:ISOC_SKS_ITSPS(1.0),03/05/23 23:00:00,A,THS_PER,M,SK,2013,54.2,e
ESTAT:ISOC_SKS_ITSPS(1.0),03/05/23 23:00:00,A,THS_PER,M,SK,2014,58.1,e
ESTAT:ISOC_SKS_ITSPS(1.0),03/05/23 23:00:00,A,THS_PER,M,SK,2015,60.3,
ESTAT:ISOC_SKS_ITSPS(1.0),03/05/23 23:00:00,A,THS_PER,M,SK,2016,66.4,
ESTAT:ISOC_SKS_ITSPS(1.0),03/05/23 23:00:00,A,THS_PER,M,SK,2017,61.1,e
ESTAT:ISOC_SKS_ITSPS(1.0),03/05/23 23:00:00,A,THS_PER,M,SK,2018,71.9,e
ESTAT:ISOC_SKS_ITSPS(1.0),03/05/23 23:00:00,A,THS_PER,M,SK,2019,83.0,
ESTAT:ISOC_SKS_ITSPS(1.0),03/05/23 23:00:00,A,THS_PER,M,SK,2020,89.9,
ESTAT:ISOC_SKS_ITSPS(1.0),03/05/23 23:00:00,A,THS_PER,M,SK,2021,94.5,b
ESTAT:ISOC_SKS_ITSPS(1.0),03/05/23 23:00:00,A,THS_PER,M,SK,2022,95.4,
ESTAT:ISOC_SKS_ITSPS(1.0),03/05/23 23:00:00,A,THS_PER,M,TR,2009,,
ESTAT:ISOC_SKS_ITSPS(1.0),03/05/23 23:00:00,A,THS_PER,M,TR,2010,,
ESTAT:ISOC_SKS_ITSPS(1.0),03/05/23 23:00:00,A,THS_PER,M,TR,2011,201.9,be
ESTAT:ISOC_SKS_ITSPS(1.0),03/05/23 23:00:00,A,THS_PER,M,TR,2012,243.0,be
ESTAT:ISOC_SKS_ITSPS(1.0),03/05/23 23:00:00,A,THS_PER,M,TR,2013,245.2,e
ESTAT:ISOC_SKS_ITSPS(1.0),03/05/23 23:00:00,A,THS_PER,M,TR,2014,255.2,be
ESTAT:ISOC_SKS_ITSPS(1.0),03/05/23 23:00:00,A,THS_PER,M,TR,2015,279.9,e
ESTAT:ISOC_SKS_ITSPS(1.0),03/05/23 23:00:00,A,THS_PER,M,TR,2016,285.7,e
ESTAT:ISOC_SKS_ITSPS(1.0),03/05/23 23:00:00,A,THS_PER,M,TR,2017,301.3,e
ESTAT:ISOC_SKS_ITSPS(1.0),03/05/23 23:00:00,A,THS_PER,M,TR,2018,302.6,e
ESTAT:ISOC_SKS_ITSPS(1.0),03/05/23 23:00:00,A,THS_PER,M,TR,2019,309.2,e
ESTAT:ISOC_SKS_ITSPS(1.0),03/05/23 23:00:00,A,THS_PER,M,TR,2020,302.4,e
ESTAT:ISOC_SKS_ITSPS(1.0),03/05/23 23:00:00,A,THS_PER,M,TR,2021,,
ESTAT:ISOC_SKS_ITSPS(1.0),03/05/23 23:00:00,A,THS_PER,M,TR,2022,,
